ENTRY,AEL VRH bulk modulus,atomic formation enthalpy,space group,Pearson symbol,DATA
Al1As1 [d1acbf7cd6bbd917],67.4056,-0.487735,216 - F43m,cF8,"[API, Out, JSON ]"
Al1B1Be1 [7b87669d29858aed],140.778,-2.28262,216 - F43m,cF12,"[API, Out, JSON ]"
Al1Ba1Ge1 [e5990f43d042239c],44.3828,-0.471822,187 - P6m2,hP3,"[API, Out, JSON ]"
Al1Ba1Si1 [0655bb1b738565e8],49.0752,-0.383687,187 - P6m2,hP3,"[API, Out, JSON ]"
Al1Bi1 [786c95a74595dac5],37.8444,0.0596695,216 - F43m,cF8,"[API, Out, JSON ]"
Al1Bi1O3 [d43abd3deaeccc51],189.289,-2.28122,221 - Pm3m,cP5,"[API, Out, JSON ]"
Al1C1Ho3 [3ecce9ff5402ec86],81.2167,-0.418804,221 - Pm3m,cP5,"[API, Out, JSON ]"
Al1C1Y3 [a873c04ce401162f],80.6944,-0.424842,221 - Pm3m,cP5,"[API, Out, JSON ]"
Al1Ca1Si1 [a2be57f97c3c3734],57.0844,-0.386889,187 - P6m2,hP3,"[API, Out, JSON ]"
Al1Ge1Li1 [a16cd7474b3ebbab],59.0611,-0.29811,216 - F43m,cF12,"[API, Out, JSON ]"
Al1Ge1Sr1 [f573f77ca303f0e2],46.2798,-0.471713,187 - P6m2,hP3,"[API, Out, JSON ]"
Al1Li1Si1 [c854f04be2146c1c],62.9167,-0.2193,216 - F43m,cF12,"[API, Out, JSON ]"
Al1P1 [bfe6fc7189a9a3a8],82.8556,-0.654625,216 - F43m,cF8,"[API, Out, JSON ]"
Al1Sb1 [8efc0f655f5d4309],49.4333,-0.282088,216 - F43m,cF8,"[API, Out, JSON ]"
Al1Si1Sr1 [8023faf5b757d0b6],52.0558,-0.398685,187 - P6m2,hP3,"[API, Out, JSON ]"
Al1Y1 [53bc333b72a0cbd5],62.5167,-0.417352,221 - Pm3m,cP2,"[API, Out, JSON ]"
Al1Y3 [5baa20a85d1739d4],51.4167,-0.187764,221 - Pm3m,cP4,"[API, Out, JSON ]"
Al1Zr3 [d5adc38fa8b953cf],101.603,-0.300465,221 - Pm3m,cP4,"[API, Out, JSON ]"
Al2As2 [b2af4cca59eb81b2],66.7646,-0.481926,186 - P63mc,hP4,"[API, Out, JSON ]"
Al2Ba1Si2 [544c2df3889130ff],42.4195,-0.287542,139 - I4/mmm,tI10,"[API, Out, JSON ]"
Al2C2Zr4 [c80850c41a89bd06],123.923,-0.650021,194 - P63/mmc,hP8,"[API, Out, JSON ]"
Al2Ge2Y2 [1854ad7843d7457d],81.5208,-0.667238,63 - Cmcm,oS12,"[API, Out, JSON ]"
Al2Hf2 [71942a90fe720e60],117.731,-0.402046,63 - Cmcm,oS8,"[API, Out, JSON ]"
Al2Hf4 [dd8fe80eb93c30d7],112.192,-0.264596,140 - I4/mcm,tI12,"[API, Out, JSON ]"
Al2Hg1Te4 [9ac7d0ab226ef604],25.3311,-0.382112,82 - I4,tI14,"[API, Out, JSON ]"
Al2K2O4 [b8b7b327da0f7bb8],92.1278,-2.73062,227 - Fd3m,cF32,"[API, Out, JSON ]"
Al2K2Te4 [fe6e33543b6edd63],18.1246,-0.788811,140 - I4/mcm,tI16,"[API, Out, JSON ]"
Al2Li10O8 [3a9e66b3bda80de3],80.2061,-2.39711,59 - Pmmn,oP20,"[API, Out, JSON ]"
Al2Li2 [605efbba4d8ede03],47.0667,-0.183254,227 - Fd3m,cF16,"[API, Out, JSON ]"
Al2Li2Te4 [d1883835918feb41],27.9597,-0.715579,122 - I42d,tI16,"[API, Out, JSON ]"
Al2O4Rb2 [73ab442bbc850cc0],91.7111,-2.7438,227 - Fd3m,cF32,"[API, Out, JSON ]"
Al2O6Y2 [901d512ca4ebdee5],168.251,-3.49147,194 - P63/mmc,hP10,"[API, Out, JSON ]"
Al2O8P2 [70e9c5ac99a84ddc],121.645,-2.96155,186 - P63mc,hP12,"[API, Out, JSON ]"
Al2P2 [e59f919d67ca2745],82.7112,-0.650623,186 - P63mc,hP4,"[API, Out, JSON ]"
Al2Se4Tl2 [2d87cbc355583fbb],26.9027,-0.749202,140 - I4/mcm,tI16,"[API, Out, JSON ]"
Al2Si2Y2 [b3f3bbfddb69a92b],87.846,-0.633736,63 - Cmcm,oS12,"[API, Out, JSON ]"
Al2Y2 [562b84d604763031],59.9133,-0.419476,63 - Cmcm,oS8,"[API, Out, JSON ]"
Al2Zr2 [433ef15fc7e9cea2],107.029,-0.470629,63 - Cmcm,oS8,"[API, Out, JSON ]"
Al2Zr4 [5f1511de835d4c8a],99.3378,-0.320294,140 - I4/mcm,tI12,"[API, Out, JSON ]"
Al2Zr4 [f6c899d844130b12],102.874,-0.36047,194 - P63/mmc,hP6,"[API, Out, JSON ]"
Al3Hf1 [c4358a51c19fcdd9],107.185,-0.386304,139 - I4/mmm,tI8,"[API, Out, JSON ]"
Al3Hf4 [adf8044883f8c0a1],115.99,-0.390498,191 - P6/mmm,hP7,"[API, Out, JSON ]"
Al3Ho1 [ad5c5cf4045454df],75.1,-0.421792,221 - Pm3m,cP4,"[API, Out, JSON ]"
Al3Li1 [b451856d02a043f9],65.2889,-0.100048,221 - Pm3m,cP4,"[API, Out, JSON ]"
Al3Mg3Y3 [b0932d269ad7d933],57.4472,-0.335064,189 - P62m,hP9,"[API, Out, JSON ]"
Al3Y1 [b309a907feaea8f9],74.8833,-0.422253,221 - Pm3m,cP4,"[API, Out, JSON ]"
Al3Zr1 [552d0f6689b9f474],101.6,-0.459619,221 - Pm3m,cP4,"[API, Out, JSON ]"
Al3Zr4 [78d63eb4195e54d7],107.561,-0.460229,191 - P6/mmm,hP7,"[API, Out, JSON ]"
Al4Ba1 [089db02d79e92ef6],50.9005,-0.237546,139 - I4/mmm,tI10,"[API, Out, JSON ]"
Al4Ba2 [5cb0505df67e7744],42.3722,-0.197602,227 - Fd3m,cF24,"[API, Out, JSON ]"
Al4Ca12Sb12 [e2385ee95ed57efb],37.8383,-0.94058,62 - Pnma,oP28,"[API, Out, JSON ]"
Al4Ca2 [bd3c0d8b8d79e6d9],56.3278,-0.329725,227 - Fd3m,cF24,"[API, Out, JSON ]"
Al4Hg2Se8 [2f36d8e6ad9e8324],62.1833,-0.654525,227 - Fd3m,cF56,"[API, Out, JSON ]"
Al4Ho2 [7c85a4cf96c49ebd],80.4667,-0.518444,227 - Fd3m,cF24,"[API, Out, JSON ]"
Al4Ho8 [6b114b9ffe1ba9ba],57.4884,-0.300736,62 - Pnma,oP12,"[API, Out, JSON ]"
Al4Li4 [8f7dba7946e36954],36.9949,-0.0977601,194 - P63/mmc,hP8,"[API, Out, JSON ]"
Al4Li4O8 [7f1f3925499b0adb],92.3859,-2.96182,92 - P41212,tP16,"[API, Out, JSON ]"
Al4Mg2O8 [2ff88bd13c202825],183.639,-3.23624,227 - Fd3m,cF56,"[API, Out, JSON ]"
Al4Mg2O8 [d957de87b15d4247],195.544,-3.12804,63 - Cmcm,oS28,"[API, Out, JSON ]"
Al4O10Si2 [38146938a7b4dba5],215.252,-3.11378,63 - Cmcm,oS32,"[API, Out, JSON ]"
Al4O12Y4 [4792c39561f6d200],190.647,-3.57529,62 - Pnma,oP20,"[API, Out, JSON ]"
Al4O8Pb2 [9ff5a3a14dbd891b],66.9038,-2.75577,40 - Ama2,oS28,"[API, Out, JSON ]"
Al4Se8Sr2 [02c8bb19af7a55da],30.0517,-1.27407,66 - Cccm,oS28,"[API, Out, JSON ]"
Al4Sr2 [2889a5ebc0c660e7],48.0667,-0.256035,227 - Fd3m,cF24,"[API, Out, JSON ]"
Al4Y2 [54a813a47d2a272b],80.2778,-0.534161,227 - Fd3m,cF24,"[API, Out, JSON ]"
Al4Y8 [a99a4e29778fe125],52.9926,-0.316525,62 - Pnma,oP12,"[API, Out, JSON ]"
Al5Ca5Si5 [fadae3ba34adcebe],55.4562,-0.388984,187 - P6m2,hP15,"[API, Out, JSON ]"
Al6C2Zr10 [4f808281378ad03c],105.679,-0.508528,193 - P63/mcm,hP18,"[API, Out, JSON ]"
Al6C6Ho2 [b7f9a01d5542a9e7],159.593,-0.308994,194 - P63/mmc,hP14,"[API, Out, JSON ]"
Al6C6Y2 [fc20c1baececd8b9],157.318,-0.292853,194 - P63/mmc,hP14,"[API, Out, JSON ]"
Al6C8Hf4 [55cd6688d0177c7e],196.517,-0.497193,194 - P63/mmc,hP18,"[API, Out, JSON ]"
Al6C8Zr4 [24e4050ed5191b98],188.68,-0.459016,194 - P63/mmc,hP18,"[API, Out, JSON ]"
Al6Ca6Si6 [92fd0d9d27e7cc56],56.7437,-0.387291,186 - P63mc,hP18,"[API, Out, JSON ]"
Al6Hf2 [06d78e7954a45ded],106.07,-0.396345,139 - I4/mmm,tI16,"[API, Out, JSON ]"
Al6Zr2 [4f2db5248958cd2a],103.822,-0.487699,139 - I4/mmm,tI16,"[API, Out, JSON ]"
Al8Ba4Ge8 [e68c32e71fefa9f0],52.2293,-0.398701,62 - Pnma,oP20,"[API, Out, JSON ]"
Al8Ba4Si8 [d5f8ae327ad270d9],57.2479,-0.296768,62 - Pnma,oP20,"[API, Out, JSON ]"
Al8C2O8 [e285be3c92c9b42d],129.172,-2.48822,36 - Cmc21,oS36,"[API, Out, JSON ]"
Al8C8Si2 [e848922840b1944a],156.225,0.104128,186 - P63mc,hP18,"[API, Out, JSON ]"
Al8Hf12 [867e6f10a28bcc96],115.997,-0.329863,136 - P42/mnm,tP20,"[API, Out, JSON ]"
Al8Hf4 [c18d6aeb85f16ed5],119.268,-0.443422,194 - P63/mmc,hP12,"[API, Out, JSON ]"
Al8Ho12 [3e889b2ebbefdb97],60.4354,-0.333131,136 - P42/mnm,tP20,"[API, Out, JSON ]"
Al8Mg4 [7ae8cfbe27c1265d],57.7423,0.00166783,141 - I41/amd,tI24,"[API, Out, JSON ]"
Al8O12 [c9b85a6eb23d3036],230.698,-3.18738,60 - Pbcn,oP20,"[API, Out, JSON ]"
Al8O20Si4 [4614a2f5cd447ca6],144.014,-3.22222,58 - Pnnm,oP32,"[API, Out, JSON ]"
Al8Sb8 [206f48cebe73b76f],48.7593,-0.167728,205 - Pa3,cP16,"[API, Out, JSON ]"
Al8Y12 [33853d302c8aeea7],58.1696,-0.358132,136 - P42/mnm,tP20,"[API, Out, JSON ]"
Al8Zr10 [d53254a247baa5b7],101.079,-0.41895,193 - P63/mcm,hP18,"[API, Out, JSON ]"
Al8Zr12 [a659f3fa4217743a],104.28,-0.401786,136 - P42/mnm,tP20,"[API, Out, JSON ]"
Al8Zr4 [e271e75bc4d33962],112.292,-0.540368,194 - P63/mmc,hP12,"[API, Out, JSON ]"
Al8Zr4 [e2f80048d263595c],113.067,-0.539998,194 - P63/mmc,hP12,"[API, Out, JSON ]"
Al8Zr4 [57d95c24181ec14e],113.013,-0.540017,194 - P63/mmc,hP12,"[API, Out, JSON ]"
Al8Zr4 [c39bb8d6a0701e63],112.922,-0.540015,194 - P63/mmc,hP12,"[API, Out, JSON ]"
As1 [a997e20f53ed2acb],84.6111,0.111626,221 - Pm3m,cP1,"[API, Out, JSON ]"
As16Mg24 [0860600e60bf426b],49.3,-0.631984,206 - Ia3,cI80,"[API, Out, JSON ]"
As16Mg24 [b70e7bcda8c39667],49.1878,-0.632046,206 - Ia3,cI80,"[API, Out, JSON ]"
As16Mg4 [f4634f69b19ef301],43.8761,-0.230809,92 - P41212,tP20,"[API, Out, JSON ]"
As1B1 [bb4427e452977ce7],132.022,-3.36665,216 - F43m,cF8,"[API, Out, JSON ]"
As1B2P1 [2a3d8ff4b637ab68],146.702,-3.56519,115 - P4m2,tP4,"[API, Out, JSON ]"
As1Ba1Li1 [bdef8ab58e76c7a6],34.2294,-0.944981,187 - P6m2,hP3,"[API, Out, JSON ]"
As1Br3Ca3 [490b50d631861556],34.4278,-1.80973,221 - Pm3m,cP7,"[API, Out, JSON ]"
As1Ca3Cl3 [d4d71d73b26b7913],37.6278,-2.01711,221 - Pm3m,cP7,"[API, Out, JSON ]"
As1Ge1 [b52900970e966f51],63.5343,0.052915,107 - I4mm,tI4,"[API, Out, JSON ]"
As1Ho1 [15deecb330c335d7],78.0944,-1.53115,225 - Fm3m,cF8,"[API, Out, JSON ]"
As1Li1Mg1 [4031522cfc844fe8],48.8778,-0.749955,216 - F43m,cF12,"[API, Out, JSON ]"
As1Na1 [e12969699a989f2c],42.4969,-0.247616,123 - P4/mmm,tP2,"[API, Out, JSON ]"
As1Na3 [e04fbc0416e04033],25.8167,-0.37965,225 - Fm3m,cF16,"[API, Out, JSON ]"
As1Te1 [4b7de1503a36bb4a],62.7889,0.098158,225 - Fm3m,cF8,"[API, Out, JSON ]"
As1Tl1 [cc780562173bd001],39.5389,0.10823,216 - F43m,cF8,"[API, Out, JSON ]"
As1Y1 [2b8d1079f7096770],76.6278,-1.55616,225 - Fm3m,cF8,"[API, Out, JSON ]"
As1Zr1 [12a3994f64b6856d],118.361,-1.07851,225 - Fm3m,cF8,"[API, Out, JSON ]"
As2Be2Na2 [f20e761d9e2bd204],45.3944,-0.395477,194 - P63/mmc,hP6,"[API, Out, JSON ]"
As2Bi2O8 [54bc53f8d5f39ed9],123.527,-1.59291,88 - I41/a,tI24,"[API, Out, JSON ]"
As2Ca1Mg2 [c316958c47445e01],50.5853,-0.948829,164 - P3m1,hP5,"[API, Out, JSON ]"
As2Ca2Rb2 [35ef9bb6ec3b52f3],21.2268,-0.854826,129 - P4/nmm,tP6,"[API, Out, JSON ]"
As2Ca4 [74656f687dd34dd0],36.9974,-0.946849,139 - I4/mmm,tI12,"[API, Out, JSON ]"
As2Hg1O6 [f932f4c3f81cf063],122.942,-1.3053,162 - P31m,hP9,"[API, Out, JSON ]"
As2Hg2K2 [075befb960a6d22f],25.7402,-0.361881,194 - P63/mmc,hP6,"[API, Out, JSON ]"
As2K2Mg2 [d42040244c5945cd],27.8327,-0.691142,129 - P4/nmm,tP6,"[API, Out, JSON ]"
As2Mg2Na2 [9e14958ed53bad27],34.5954,-0.643872,129 - P4/nmm,tP6,"[API, Out, JSON ]"
As2Na6 [2e7952639cbaba48],23.8489,-0.424105,194 - P63/mmc,hP8,"[API, Out, JSON ]"
As2Pb6Zr10 [4edef03cd560c4da],102.192,-0.524374,193 - P63/mcm,hP18,"[API, Out, JSON ]"
As2Rb6Se32 [f38425f6bc10cbcc],12.1108,-0.340033,203 - Fd3,cF160,"[API, Out, JSON ]"
As2Sb6Zr10 [8658c446cd864e8b],112.66,-0.910266,193 - P63/mcm,hP18,"[API, Out, JSON ]"
As2Sr4 [17d81543edcdd769],30.9491,-0.866938,139 - I4/mmm,tI12,"[API, Out, JSON ]"
As3Na3Sr3 [cf4537f3f53c76be],34.647,-0.878539,189 - P62m,hP9,"[API, Out, JSON ]"
As4Ge2Mg2 [a030e1a3f3efd9f6],52.4012,-0.270986,122 - I42d,tI16,"[API, Out, JSON ]"
As4Ge3 [223188a15c60fe2f],48.3037,0.00323829,215 - P43m,cP7,"[API, Out, JSON ]"
As4Hf4 [426b550514a4403c],127.466,-1.00566,194 - P63/mmc,hP8,"[API, Out, JSON ]"
As4K12Se12 [17d4f25a9a0997c1],13.5165,-0.930491,198 - P213,cP28,"[API, Out, JSON ]"
As4Mg6 [e6aeabf7626b5275],48.85,-0.466908,224 - Pn3m,cP10,"[API, Out, JSON ]"
As4Na12Se12 [a905d9de297630fa],18.794,-0.808927,198 - P213,cP28,"[API, Out, JSON ]"
As4O12Sr2 [167e874aca020acc],109.965,-2.07094,193 - P63/mcm,hP18,"[API, Out, JSON ]"
As4Zr4 [7e1e4fa3243f1866],118.449,-1.14883,194 - P63/mmc,hP8,"[API, Out, JSON ]"
As6Sr6 [4f75cb6f21c6ff12],39.5598,-1.08346,189 - P62m,hP12,"[API, Out, JSON ]"
As8Ba4Ge8 [c65eb974665e418b],43.1844,-0.50455,105 - P42mc,tP20,"[API, Out, JSON ]"
As8Hf12 [a72edbac95240550],135.013,-0.907856,62 - Pnma,oP20,"[API, Out, JSON ]"
As8Hf4 [6ab6d29cee6c5e4a],115.707,-0.758025,62 - Pnma,oP12,"[API, Out, JSON ]"
As8O12 [8f6257240271b02a],5.13889,-1.4709,227 - Fd3m,cF80,"[API, Out, JSON ]"
As8O12 [95ecf65035751e51],5.66667,-1.47021,227 - Fd3m,cF80,"[API, Out, JSON ]"
As8Si4 [89c22958395182cf],79.6275,0.0440833,205 - Pa3,cP12,"[API, Out, JSON ]"
As8Zr12 [7ad24d44b882c39c],126.639,-1.05882,62 - Pnma,oP20,"[API, Out, JSON ]"
As8Zr4 [c4644f5c0da2a257],109.262,-0.844934,62 - Pnma,oP12,"[API, Out, JSON ]"
As8Zr4 [a8f883311b07a7ae],57.6155,-0.497692,71 - Immm,oI12,"[API, Out, JSON ]"
B12Hf1 [34e06cdc51fc586a],237.2,-6.37191,225 - Fm3m,cF52,"[API, Out, JSON ]"
B12Ho1 [907f2cf21e911c3b],218.689,-6.42998,225 - Fm3m,cF52,"[API, Out, JSON ]"
B12Y1 [dcb115cc81848caa],217.678,-6.4221,225 - Fm3m,cF52,"[API, Out, JSON ]"
B12Zr1 [b8aa0d8cb9a0b8c1],231.972,-6.39056,225 - Fm3m,cF52,"[API, Out, JSON ]"
B16C16Mg8 [b3e6c35f229ee23b],157.595,-2.83087,64 - Cmce,oS80,"[API, Out, JSON ]"
B18Li2 [44d4b92478b2dfd0],199.797,-5.98763,185 - P63cm,hP20,"[API, Out, JSON ]"
B1Be2 [114d179739831b45],145.728,-2.18787,225 - Fm3m,cF12,"[API, Out, JSON ]"
B1Bi1 [39c84b928e375b7f],74.7222,-2.55551,216 - F43m,cF8,"[API, Out, JSON ]"
B1C5 [f759c5600121a9e9],376.107,-0.874631,44 - Imm2,oI12,"[API, Out, JSON ]"
B1C7 [95bd1aac30ec7a47],388.344,-0.581283,215 - P43m,cP8,"[API, Out, JSON ]"
B1C7 [0401731cb29df494],391.956,-0.647736,115 - P4m2,tP8,"[API, Out, JSON ]"
B1C7 [4d13f06b9fe563ef],385.055,-0.617825,25 - Pmm2,oP8,"[API, Out, JSON ]"
B1Hf1 [153dd3dd8e6895aa],173.528,-3.76102,225 - Fm3m,cF8,"[API, Out, JSON ]"
B1P1 [598a7a7328a47d85],161.95,-3.79813,216 - F43m,cF8,"[API, Out, JSON ]"
B1Sb1 [8f50db7084cf70ae],98.3222,-3.09346,216 - F43m,cF8,"[API, Out, JSON ]"
B1Zr1 [ed71e73c1d9d1a64],160.072,-3.72142,225 - Fm3m,cF8,"[API, Out, JSON ]"
B28 [0259d68674b800c3],223.147,-6.66565,58 - Pnnm,oP28,"[API, Out, JSON ]"
B2C2Li2 [ec2438f50fc672d8],154.076,-2.61242,194 - P63/mmc,hP6,"[API, Out, JSON ]"
B2Ca1 [bf66a2c72bbd4990],122.252,-4.59603,191 - P6/mmm,hP3,"[API, Out, JSON ]"
B2Hf1 [09457595b027e910],251.301,-5.48393,191 - P6/mmm,hP3,"[API, Out, JSON ]"
B2Mg1 [e2edff877e89347a],147.879,-4.59189,191 - P6/mmm,hP3,"[API, Out, JSON ]"
B2P2 [947725bf512a4fa0],162.387,-3.78712,186 - P63mc,hP4,"[API, Out, JSON ]"
B2Y1 [7ca6e19f28095b86],164.012,-5.02245,191 - P6/mmm,hP3,"[API, Out, JSON ]"
B2Zr1 [08bf56bf0b207b22],238.246,-5.45229,191 - P6/mmm,hP3,"[API, Out, JSON ]"
B48 [e84cd18d210591c3],156.591,-6.53958,134 - P42/nnm,tP48,"[API, Out, JSON ]"
B4C4Ca2 [31227863394cfc7f],134.682,-3.01496,140 - I4/mcm,tI20,"[API, Out, JSON ]"
B4C4Ca2 [77397d097fcfec92],130.536,-2.86494,131 - P42/mmc,tP10,"[API, Out, JSON ]"
B4C4Y2 [564419ad66d91082],171.473,-2.9776,131 - P42/mmc,tP10,"[API, Out, JSON ]"
B6Ba1 [60403665ed82b47b],143.861,-6.14502,221 - Pm3m,cP7,"[API, Out, JSON ]"
B6Ca1 [5c5618217287430a],143.478,-6.14502,221 - Pm3m,cP7,"[API, Out, JSON ]"
B6Ho1 [e0ad2ad23e4aafc4],169.761,-6.12204,221 - Pm3m,cP7,"[API, Out, JSON ]"
B6K1 [bd33403a60f88c3e],133.772,-5.76377,221 - Pm3m,cP7,"[API, Out, JSON ]"
B6Sr1 [f4874036e4939ad3],146.361,-6.18698,221 - Pm3m,cP7,"[API, Out, JSON ]"
B6Y1 [c5976272e8f2fc30],171.244,-6.13642,221 - Pm3m,cP7,"[API, Out, JSON ]"
B8Be4C8 [6975681558eb6cdc],193.66,-2.77901,59 - Pmmn,oP20,"[API, Out, JSON ]"
Ba1 [7b2394cca289b7b1],8.37778,0.017794,225 - Fm3m,cF4,"[API, Out, JSON ]"
Ba10Sb8 [a92b58c15da82969],27.7227,-1.15634,64 - Cmce,oS36,"[API, Out, JSON ]"
Ba1C2 [9aa20030aa116732],41.0331,0.0959353,139 - I4/mmm,tI6,"[API, Out, JSON ]"
Ba1Cl2 [6a9703b2d7b80183],29.2,-2.5798,225 - Fm3m,cF12,"[API, Out, JSON ]"
Ba1Hg1 [19c353e662a40130],24,-0.526864,221 - Pm3m,cP2,"[API, Out, JSON ]"
Ba1Li1P1 [72b0cd273918804e],37.4517,-0.905739,187 - P6m2,hP3,"[API, Out, JSON ]"
Ba1Li1Si1 [23e26457c91a4e11],27.5433,-0.178936,187 - P6m2,hP3,"[API, Out, JSON ]"
Ba1Mg2Si2 [1711607563cbbfd5],49.7584,-0.33683,139 - I4/mmm,tI10,"[API, Out, JSON ]"
Ba1Mg4Si3 [5be7414fafc81b31],52.4247,-0.280098,123 - P4/mmm,tP8,"[API, Out, JSON ]"
Ba1O1 [ca2b185ba242da1e],69.0889,-2.69896,225 - Fm3m,cF8,"[API, Out, JSON ]"
Ba1O2 [46261cca37eaf3ba],68.0023,-2.14464,139 - I4/mmm,tI6,"[API, Out, JSON ]"
Ba1O3Pb1 [279962d5dd496031],62.2,-0.863545,221 - Pm3m,cP5,"[API, Out, JSON ]"
Ba1O3Pb1 [103754afd63d390f],99.5833,-1.93358,221 - Pm3m,cP5,"[API, Out, JSON ]"
Ba1O3Zr1 [7ad05c2450ba8e4c],147.567,-3.49221,221 - Pm3m,cP5,"[API, Out, JSON ]"
Ba1Se1 [20c956c82d61d753],35.6556,-2.05141,225 - Fm3m,cF8,"[API, Out, JSON ]"
Ba1Se1 [cf0f068c99c6f727],38.8944,-1.85107,221 - Pm3m,cP2,"[API, Out, JSON ]"
Ba1Te1 [f92c7225e1387152],28.4333,-1.79116,225 - Fm3m,cF8,"[API, Out, JSON ]"
Ba1Te1 [e00b430dded98dba],31.7389,-1.62371,221 - Pm3m,cP2,"[API, Out, JSON ]"
Ba2 [863dc62f92621e76],8.42265,0.013797,194 - P63/mmc,hP2,"[API, Out, JSON ]"
Ba2Be26 [e72d9d4159dcccf8],89.4444,0.0416521,226 - Fm3c,cF112,"[API, Out, JSON ]"
Ba2Bi2O6 [6d34e6bcd9f71398],107.411,-2.06523,225 - Fm3m,cF40,"[API, Out, JSON ]"
Ba2Bi3 [ec10eb407ac3cb2e],31.7497,-0.773238,71 - Immm,oI10,"[API, Out, JSON ]"
Ba2C8O8 [ecf1da14185d6e01],46.228,-1.38661,140 - I4/mcm,tI36,"[API, Out, JSON ]"
Ba2Hg1 [5d5d9f727e2fbf3a],15.9586,-0.376887,139 - I4/mmm,tI6,"[API, Out, JSON ]"
Ba2Li2P2 [96c130da39b9c3ab],39.4235,-0.939219,194 - P63/mmc,hP6,"[API, Out, JSON ]"
Ba2Li2Sb2 [e8f20dd3d3b5e956],29.9651,-1.02439,194 - P63/mmc,hP6,"[API, Out, JSON ]"
Ba2O12Te4 [d0ee5c0aa875ff14],73.3669,-1.83186,63 - Cmcm,oS36,"[API, Out, JSON ]"
Ba2O2 [10aba4c9e4bb81e3],66.7786,-2.67251,194 - P63/mmc,hP4,"[API, Out, JSON ]"
Ba2O4Zr1 [cc9a5a5a57fa9414],107.133,-3.29028,139 - I4/mmm,tI14,"[API, Out, JSON ]"
Ba2Si46 [4098d627b609f1c2],76.3611,0.0396462,223 - Pm3n,cP48,"[API, Out, JSON ]"
Ba2Te4 [58d9a7827940d4c4],28.7313,-1.19111,140 - I4/mcm,tI12,"[API, Out, JSON ]"
Ba2Te6 [0cf0aed63b5cc3c0],22.8583,-0.883601,113 - P421m,tP8,"[API, Out, JSON ]"
Ba2Tl4 [e9c6d477da9d6f7b],26.449,-0.388781,194 - P63/mmc,hP6,"[API, Out, JSON ]"
Ba3Bi3Na3 [450c44720658cd0d],24.2806,-0.780696,189 - P62m,hP9,"[API, Out, JSON ]"
Ba3Cl6 [bdc362fd57f037e0],32.2884,-2.54933,189 - P62m,hP9,"[API, Out, JSON ]"
Ba3Na3P3 [fa5b64b1b6cf8843],34.048,-0.802864,189 - P62m,hP9,"[API, Out, JSON ]"
Ba3O1Pb1 [8059c15ef297632f],34.4222,-1.44356,221 - Pm3m,cP5,"[API, Out, JSON ]"
Ba4Ca4Ge4 [e394f16f4357075d],30.316,-0.585432,62 - Pnma,oP12,"[API, Out, JSON ]"
Ba4Ca4Pb4 [84351a3c976236a8],24.9434,-0.595583,62 - Pnma,oP12,"[API, Out, JSON ]"
Ba4Ge8P8 [4821b17f7b370cb9],48.2724,-0.536839,105 - P42mc,tP20,"[API, Out, JSON ]"
Ba4Hg8Tl8 [a2d550bade29107a],29.8276,-0.323393,136 - P42/mnm,tP20,"[API, Out, JSON ]"
Ba4Sb2 [fab61846b1f5c182],23.5643,-0.935357,139 - I4/mmm,tI12,"[API, Out, JSON ]"
Ba4Si8 [571d2fe1358582e6],52.5056,-0.34521,212 - P4332,cP12,"[API, Out, JSON ]"
Ba6C60 [1dd6dacf9f704c70],72.9819,0.165498,204 - Im3,cI132,"[API, Out, JSON ]"
Ba6Ge10 [918c033aad3e4407],36.6308,-0.55143,63 - Cmcm,oS32,"[API, Out, JSON ]"
Ba6Mg23 [e5a9323a46d01884],24.8222,-0.0785718,225 - Fm3m,cF116,"[API, Out, JSON ]"
Ba6O10Si2 [3c5c4e212c7f9076],73.9944,-3.10045,140 - I4/mcm,tI36,"[API, Out, JSON ]"
Ba6P8 [23c79c4a50ec0484],33.8768,-0.997041,43 - Fdd2,oF56,"[API, Out, JSON ]"
Ba6Pb10 [093eac89f3019431],26.8549,-0.505868,63 - Cmcm,oS32,"[API, Out, JSON ]"
Ba6Si46 [66cb7bd138ea245e],76.6944,-0.086886,223 - Pm3n,cP52,"[API, Out, JSON ]"
Ba8Bi6 [6d4bd5e199f2bded],25.0778,-0.924461,220 - I43d,cI28,"[API, Out, JSON ]"
Ba8Ge4 [9bf8a506c5f16d2c],22.0405,-0.491142,62 - Pnma,oP12,"[API, Out, JSON ]"
Ba8Si4 [f4a14c21af9e4959],22.305,-0.310497,62 - Pnma,oP12,"[API, Out, JSON ]"
Ba8Si46 [b7b2d144fc5e6d89],72.9111,-0.107827,223 - Pm3n,cP54,"[API, Out, JSON ]"
Be1O1 [db1f17a6f945c29b],207.65,-2.9731,216 - F43m,cF8,"[API, Out, JSON ]"
Be1O1 [c316b8d2b8b69038],241.178,-2.49808,225 - Fm3m,cF8,"[API, Out, JSON ]"
Be1Se1 [213c549ca0805a87],87.95,-0.254636,225 - Fm3m,cF8,"[API, Out, JSON ]"
Be1Se1 [ac6b5aceace8d8aa],74.8944,-0.797927,216 - F43m,cF8,"[API, Out, JSON ]"
Be1Te1 [9c841f4bebd25fd6],56.5556,-0.358506,216 - F43m,cF8,"[API, Out, JSON ]"
Be1Te1 [71f2b452c887d0bd],66.7111,0.151563,225 - Fm3m,cF8,"[API, Out, JSON ]"
Be24P16 [473d6cf16feebd74],91.7833,-0.266228,206 - Ia3,cI80,"[API, Out, JSON ]"
Be26Ca2 [ae212ec034e7c653],94.9278,-0.0950912,226 - Fm3c,cF112,"[API, Out, JSON ]"
Be26Hf2 [0bdcb21b070ee9c8],125.944,-0.173177,226 - Fm3c,cF112,"[API, Out, JSON ]"
Be26Ho2 [e3977bd14545293c],112.861,-0.18517,226 - Fm3c,cF112,"[API, Out, JSON ]"
Be26Mg2 [a513c57b276194cc],98.7111,0.000903357,226 - Fm3c,cF112,"[API, Out, JSON ]"
Be26Sb2 [bcffe2cd231ff59a],100.278,0.143635,226 - Fm3c,cF112,"[API, Out, JSON ]"
Be26Sr2 [d73b0934ea26239d],94.7722,-0.0480165,226 - Fm3c,cF112,"[API, Out, JSON ]"
Be26Zr2 [286acac732fe4ad8],123.939,-0.195618,226 - Fm3c,cF112,"[API, Out, JSON ]"
Be2C1 [378e092c24555651],207.489,-0.23265,225 - Fm3m,cF12,"[API, Out, JSON ]"
Be2Hf1 [ba24c7d4fdf2198e],128.212,-0.169047,191 - P6/mmm,hP3,"[API, Out, JSON ]"
Be2Hf2 [6fd30ea64b36137a],121.158,-0.076578,63 - Cmcm,oS8,"[API, Out, JSON ]"
Be2Hf2Si2 [40fc12ea1012ee6e],146.714,-0.655594,194 - P63/mmc,hP6,"[API, Out, JSON ]"
Be2Li2P2 [3d6a13a697be6ee5],62.7814,-0.611066,129 - P4/nmm,tP6,"[API, Out, JSON ]"
Be2Li2Sb2 [35246e62d761d918],55.3101,-0.325056,186 - P63mc,hP6,"[API, Out, JSON ]"
Be2Na2Sb2 [469d710a3c8090f4],35.177,-0.250497,194 - P63/mmc,hP6,"[API, Out, JSON ]"
Be2O2 [ed51b7b3938f117f],205.991,-2.97996,186 - P63mc,hP4,"[API, Out, JSON ]"
Be2Si1 [de5897093b42c24b],98.7278,0.237991,225 - Fm3m,cF12,"[API, Out, JSON ]"
Be2Zr1 [8e9c46d490db8bb3],119.782,-0.163506,191 - P6/mmm,hP3,"[API, Out, JSON ]"
Be4O4 [c8cff231c8082848],196.372,-2.96793,136 - P42/mnm,tP8,"[API, Out, JSON ]"
Be5Hf1 [9935daabda2d9ae8],129.435,-0.227008,191 - P6/mmm,hP6,"[API, Out, JSON ]"
Be6Cl12 [7d8a11e29070e58c],11.6333,-1.42247,217 - I43m,cI36,"[API, Out, JSON ]"
Be6P4 [0b01214ece74b40a],99.75,-0.110329,224 - Pn3m,cP10,"[API, Out, JSON ]"
Bi1 [27bbd51ad4827863],49.4889,0.041072,221 - Pm3m,cP1,"[API, Out, JSON ]"
Bi1 [4ff91c1735e07aab],54.6389,0.129588,229 - Im3m,cI2,"[API, Out, JSON ]"
Bi16O24 [7f08b280bb028857],109.979,-1.4347,206 - Ia3,cI80,"[API, Out, JSON ]"
Bi1Ho1 [7239eb435c5ec897],54.5889,-0.861246,225 - Fm3m,cF8,"[API, Out, JSON ]"
Bi1K3 [6480d7dbdcd7b044],12.2389,-0.365149,225 - Fm3m,cF16,"[API, Out, JSON ]"
Bi1Li1 [d80a8198ef249337],37.2932,-0.382143,123 - P4/mmm,tP2,"[API, Out, JSON ]"
Bi1Li1Mg1 [5a8e615d2ad336d3],31.5889,-0.428658,216 - F43m,cF12,"[API, Out, JSON ]"
Bi1Li3 [a347088e4932106b],28.2111,-0.544817,225 - Fm3m,cF16,"[API, Out, JSON ]"
Bi1Na1 [d3618ed7c3ce4ee7],30.3974,-0.313636,123 - P4/mmm,tP2,"[API, Out, JSON ]"
Bi1O2 [bfbbeb6a9f7e7f5a],132.906,-1.1886,225 - Fm3m,cF12,"[API, Out, JSON ]"
Bi1Rb3 [fb1260e490372a33],9.93889,-0.316356,225 - Fm3m,cF16,"[API, Out, JSON ]"
Bi1Y1 [c526fe4983dfcffa],55.4333,-0.916092,225 - Fm3m,cF8,"[API, Out, JSON ]"
Bi2Ca4 [7e9e20be4dc29b40],27.6617,-0.776018,139 - I4/mmm,tI12,"[API, Out, JSON ]"
Bi2K6 [fdd69cc63d2a62b8],10.4428,-0.387487,194 - P63/mmc,hP8,"[API, Out, JSON ]"
Bi2O2Se1 [bd39fcd8abd8e251],77.3104,-1.15837,139 - I4/mmm,tI10,"[API, Out, JSON ]"
Bi2Rb6 [e9d97f4d81711a66],9.55761,-0.344507,194 - P63/mmc,hP8,"[API, Out, JSON ]"
Bi3Sr1 [e5db61fa74861990],44.9444,-0.452,221 - Pm3m,cP4,"[API, Out, JSON ]"
Bi4 [fadf792d7b321127],310.346,0.194242,140 - I4/mcm,tI8,"[API, Out, JSON ]"
Bi4K12Se12 [c254a1e890738c41],13.2031,-0.965835,198 - P213,cP28,"[API, Out, JSON ]"
Bi4K12Te12 [1b77bae9c459f82a],10.2746,-0.801152,198 - P213,cP28,"[API, Out, JSON ]"
Bi4Li4Sr4 [74cc6b30d40d1940],29.9502,-0.847318,62 - Pnma,oP12,"[API, Out, JSON ]"
Bi4Mg2O12 [71f18f0157cf2698],120.283,-1.56009,136 - P42/mnm,tP18,"[API, Out, JSON ]"
Bi4O12Rb12 [7219f844dcd3bc96],15.7753,-1.53459,198 - P213,cP28,"[API, Out, JSON ]"
Bi4O6 [c61260c70de2d745],116.872,-1.1314,224 - Pn3m,cP10,"[API, Out, JSON ]"
Bi4Rb12Se12 [13aa186ae78de3e3],11.4072,-0.956665,198 - P213,cP28,"[API, Out, JSON ]"
Bi6Sr8 [a6f93590c6fb4a35],29.5333,-0.896906,220 - I43d,cI28,"[API, Out, JSON ]"
Bi8O12 [dfaa12a3d112d79d],27.0722,-1.4375,227 - Fd3m,cF80,"[API, Out, JSON ]"
Br10Pb4Rb2 [898a956acbc9af99],13.3059,-1.18315,140 - I4/mcm,tI32,"[API, Out, JSON ]"
Br12K4Te2 [90e130206cc7a035],8.85281,-1.06449,128 - P4/mnc,tP18,"[API, Out, JSON ]"
Br1K1 [e02e6c6748e87324],13.8278,-1.79231,225 - Fm3m,cF8,"[API, Out, JSON ]"
Br1K1 [9388b0cb77be29c5],17.15,-1.71627,221 - Pm3m,cP2,"[API, Out, JSON ]"
Br1K3O1 [037bff19ad42b82f],19.2167,-1.43923,221 - Pm3m,cP5,"[API, Out, JSON ]"
Br1Li1 [20b64628cf74cb53],26.1611,-1.56859,225 - Fm3m,cF8,"[API, Out, JSON ]"
Br1Li3O1 [89e3341519d5b3c3],48.9389,-1.78875,221 - Pm3m,cP5,"[API, Out, JSON ]"
Br1Na1 [81af8c617774153e],20.5333,-1.60729,225 - Fm3m,cF8,"[API, Out, JSON ]"
Br1O1Rb3 [d8062a4e068bf5b6],16.4389,-1.36535,221 - Pm3m,cP5,"[API, Out, JSON ]"
Br1Rb1 [9e643376d04eba9f],12.5667,-1.79542,225 - Fm3m,cF8,"[API, Out, JSON ]"
Br1Rb1 [bb569b66afa76188],14.3,-1.74003,221 - Pm3m,cP2,"[API, Out, JSON ]"
Br1Tl1 [446e47ea5b60293f],16.4611,-0.906238,225 - Fm3m,cF8,"[API, Out, JSON ]"
Br1Tl1 [c6d52ea37eb98db2],20.7944,-0.860814,221 - Pm3m,cP2,"[API, Out, JSON ]"
Br2O8Y6 [6925b566a277f79d],103.299,-3.54608,63 - Cmcm,oS32,"[API, Out, JSON ]"
Br2Se4Tl10 [3e3c1d40063cad82],20.2106,-0.504547,140 - I4/mcm,tI32,"[API, Out, JSON ]"
Br2Tl2 [c01b5c54b0863da2],14.9713,-0.883154,63 - Cmcm,oS8,"[API, Out, JSON ]"
Br32Si8 [d2a45d24273ee835],0.666667,-0.869087,205 - Pa3,cP40,"[API, Out, JSON ]"
Br4 [8e7ba568a475142c],4.69922,-0.039555,64 - Cmce,oS8,"[API, Out, JSON ]"
Br4Ca2 [fdbd47d5f13e4755],26.1559,-2.07839,136 - P42/mnm,tP6,"[API, Out, JSON ]"
Br4Na4O12 [ec746eef1975aa25],25.0933,-0.865619,198 - P213,cP20,"[API, Out, JSON ]"
Br4Na4O12 [ef261ad7b35866a4],27.4095,-0.866196,198 - P213,cP20,"[API, Out, JSON ]"
Br4Na4O12 [b454313ab1a5628f],25.365,-0.866164,198 - P213,cP20,"[API, Out, JSON ]"
Br6K2Se1 [8f493eb9dacbdea3],10.85,-0.929986,225 - Fm3m,cF36,"[API, Out, JSON ]"
Br6K2Te1 [67e6bb73871b7087],10.4389,-1.05197,225 - Fm3m,cF36,"[API, Out, JSON ]"
Br6Rb2Te1 [496fbc63b1ffb8e4],9.12778,-1.09214,225 - Fm3m,cF36,"[API, Out, JSON ]"
Br8Li6Mg1 [ddee48f6f9bf413e],23.0111,-1.56349,225 - Fm3m,cF60,"[API, Out, JSON ]"
Br9Rb3Sb2 [15bf2c0b12f94d87],10.0446,-1.22175,164 - P3m1,hP14,"[API, Out, JSON ]"
C10Si10 [500ca05581547ef1],212.965,-0.207608,156 - P3m1,hP20,"[API, Out, JSON ]"
C12 [bd79f9fa8154aa95],435.03,0.137013,194 - P63/mmc,hP12,"[API, Out, JSON ]"
C12 [4a8db6076bc9623d],81.2161,-0.000156,194 - P63/mmc,hP12,"[API, Out, JSON ]"
C14Si14 [1f21e330dfcd0965],212.846,-0.20755,156 - P3m1,hP28,"[API, Out, JSON ]"
C16 [c9d6a8b917d502f0],434.908,0.135533,194 - P63/mmc,hP16,"[API, Out, JSON ]"
C16 [d8e58d3bd84cf982],401.533,0.285175,62 - Pnma,oP16,"[API, Out, JSON ]"
C16Si16 [bbef4567d359bebd],213.261,-0.207618,186 - P63mc,hP32,"[API, Out, JSON ]"
C18Si18 [c9df5d1184d1640f],213.322,-0.207614,156 - P3m1,hP36,"[API, Out, JSON ]"
C19Si19 [dcff963bbddaf43f],212.889,-0.207612,156 - P3m1,hP38,"[API, Out, JSON ]"
C1Ge1 [279b6e0ce01db4e4],176.45,0.451001,216 - F43m,cF8,"[API, Out, JSON ]"
C1Ge1 [8fea397ef68c9f59],164.558,1.28334,225 - Fm3m,cF8,"[API, Out, JSON ]"
C1Hf1 [29c35aa38b84cf85],158.306,-0.303342,216 - F43m,cF8,"[API, Out, JSON ]"
C1Hf1 [b47a366c761301a7],239.433,-0.947442,225 - Fm3m,cF8,"[API, Out, JSON ]"
C1Ho3Tl1 [3e164407c8b6a96b],41.4944,1.61208,221 - Pm3m,cP5,"[API, Out, JSON ]"
C1Li4O4 [c1a0b04a38cc2cb8],70.5525,-1.93258,121 - I42m,tI18,"[API, Out, JSON ]"
C1Na4O4 [5fd7303c36d270a3],30.5722,-1.45655,215 - P43m,cP9,"[API, Out, JSON ]"
C1Na4O4 [9ff6e80371443b80],46.7906,-1.62429,121 - I42m,tI18,"[API, Out, JSON ]"
C1Pb1Y3 [852a2ce545d87e53],43.0611,-0.57418,221 - Pm3m,cP5,"[API, Out, JSON ]"
C1Si1 [2cab0c35952c733f],212.356,-0.206972,216 - F43m,cF8,"[API, Out, JSON ]"
C1Si1 [0e5c7dd4d4402dff],242.211,0.535778,225 - Fm3m,cF8,"[API, Out, JSON ]"
C1Tl1 [becbc8b7468a7e42],85.1167,2.10451,225 - Fm3m,cF8,"[API, Out, JSON ]"
C1Tl1Y3 [ff2e821a5a105eeb],77.3389,-0.495504,221 - Pm3m,cP5,"[API, Out, JSON ]"
C1Y1 [10e56bff43e34aa4],124.4,0.037273,225 - Fm3m,cF8,"[API, Out, JSON ]"
C1Y1 [d1d764ad10d0eb67],83.1167,0.490035,216 - F43m,cF8,"[API, Out, JSON ]"
C1Zr1 [b652e182b2677f30],220.867,-0.812099,225 - Fm3m,cF8,"[API, Out, JSON ]"
C1Zr1 [05e1e26d2863644d],145.533,-0.19718,216 - F43m,cF8,"[API, Out, JSON ]"
C2 [3ab7e139e1c29c9f],433.989,0.132041,227 - Fd3m,cF8,"[API, Out, JSON ]"
C20 [933c788c45a7fb66],332.972,0.758971,221 - Pm3m,cP20,"[API, Out, JSON ]"
C21Si21 [1cf77fe9d7170820],212.742,-0.207545,156 - P3m1,hP42,"[API, Out, JSON ]"
C2Ca2O6 [c703b43d6ea64c82],59.191,-2.49472,40 - Ama2,oS20,"[API, Out, JSON ]"
C2Ho1 [1e5413f968afa354],119.045,-0.200211,139 - I4/mmm,tI6,"[API, Out, JSON ]"
C2K8O8 [58922299f89bc347],34.5463,-1.56461,86 - P42/n,tP18,"[API, Out, JSON ]"
C2Li4O6 [b1fcd31e74f48b03],75.0705,-2.05902,193 - P63/mcm,hP12,"[API, Out, JSON ]"
C2O4 [8014ecff6d78dc91],143.333,-1.15395,122 - I42d,tI12,"[API, Out, JSON ]"
C2O4 [162f8798181bf4d9],5.18262,-1.59251,136 - P42/mnm,tP6,"[API, Out, JSON ]"
C2Si2 [19570f9ac6a9e4de],213.095,-0.204037,186 - P63mc,hP4,"[API, Out, JSON ]"
C2Tl2Zr4 [5a8c11a2c4607835],115.168,-0.629055,194 - P63/mmc,hP8,"[API, Out, JSON ]"
C2Y1 [b6c018d7d6d960a8],112.619,-0.190856,139 - I4/mmm,tI6,"[API, Out, JSON ]"
C4 [b2688e84030188b8],402.27,0.327823,139 - I4/mmm,tI8,"[API, Out, JSON ]"
C4 [440c4eee274b61b6],429.108,0.155743,194 - P63/mmc,hP4,"[API, Out, JSON ]"
C4 [2be120d88682ee01],112.896,-0.0003725,194 - P63/mmc,hP4,"[API, Out, JSON ]"
C4Mg2 [f5f78826aac5f3d0],77.8056,0.427624,136 - P42/mnm,tP6,"[API, Out, JSON ]"
C4O12Sr4 [35099e599e89dc40],56.4738,-2.55283,62 - Pnma,oP20,"[API, Out, JSON ]"
C4O8 [67b5e7f9d47704b0],4.03889,-1.60779,205 - Pa3,cP12,"[API, Out, JSON ]"
C4Si4 [19345a101fc7f670],213.155,-0.207603,186 - P63mc,hP8,"[API, Out, JSON ]"
C60K6 [1984611e297ae73e],30.1122,0.215728,204 - Im3,cI132,"[API, Out, JSON ]"
C60Rb6 [4c15d7310c6901e3],24.985,0.208468,204 - Im3,cI132,"[API, Out, JSON ]"
C60Sr6 [0cbec882fb6cac14],78.8767,0.202094,204 - Im3,cI132,"[API, Out, JSON ]"
C6Si6 [059e25f57cc58053],212.703,-0.20762,186 - P63mc,hP12,"[API, Out, JSON ]"
C8 [a59baaad49eb5ab9],402.613,0.293305,12 - C2/m,mS16,"[API, Out, JSON ]"
C8 [b09fb2c5d1e939ca],288.018,0.502207,65 - Cmmm,oS16,"[API, Out, JSON ]"
C8 [bdc82cca41c811c6],415.697,0.260462,65 - Cmmm,oS16,"[API, Out, JSON ]"
C8 [2818acf274e5c078],310.589,0.758544,229 - Im3m,cI16,"[API, Out, JSON ]"
C8 [c969067f8a3bbde9],386.978,0.828338,206 - Ia3,cI16,"[API, Out, JSON ]"
C8 [c42dc8ec018245e5],435.267,0.140273,194 - P63/mmc,hP8,"[API, Out, JSON ]"
C8Na4 [8a7bedc037e80ee4],177.833,1.13007,212 - P4332,cP12,"[API, Out, JSON ]"
C8Na8 [ae0a4eccd0e65124],30.6999,0.221454,142 - I41/acd,tI32,"[API, Out, JSON ]"
C8Si4 [6d3e8219641e49de],179.82,0.847238,205 - Pa3,cP12,"[API, Out, JSON ]"
C8Si8 [6db975da951495ba],212.674,-0.207481,186 - P63mc,hP16,"[API, Out, JSON ]"
Ca1 [da235dae85798482],17.3889,0.000449,225 - Fm3m,cF4,"[API, Out, JSON ]"
Ca10Sb6 [da7bbf2f9ae5f54f],36.4109,-1.07871,193 - P63/mcm,hP16,"[API, Out, JSON ]"
Ca12Hg4 [ba487a3251dc68dc],21.8725,-0.307193,62 - Pnma,oP16,"[API, Out, JSON ]"
Ca16Hg36 [fe8eeb1e2af8df90],34.7056,-0.405699,215 - P43m,cP52,"[API, Out, JSON ]"
Ca1Hg1 [e1226cf0e66c1033],36.3444,-0.556392,221 - Pm3m,cP2,"[API, Out, JSON ]"
Ca1O1 [9bc8de62e0d0e0ea],105.217,-3.1856,225 - Fm3m,cF8,"[API, Out, JSON ]"
Ca1O2 [5c70e5ad4906e1a9],67.4331,-2.18332,139 - I4/mmm,tI6,"[API, Out, JSON ]"
Ca1O3Si1 [cc56846288079507],215.028,-3.05752,221 - Pm3m,cP5,"[API, Out, JSON ]"
Ca1O3Zr1 [26237603f1b44cd0],154.461,-3.33323,221 - Pm3m,cP5,"[API, Out, JSON ]"
Ca1Pb1 [92d8c47bba9fe7a3],33.7766,-0.526438,123 - P4/mmm,tP2,"[API, Out, JSON ]"
Ca1Se1 [b167bafb684ed8c2],32.6278,-1.77274,216 - F43m,cF8,"[API, Out, JSON ]"
Ca1Se1 [7a5d981a5d714afb],47.3222,-2.03116,225 - Fm3m,cF8,"[API, Out, JSON ]"
Ca1Te1 [f51506e74f2ec57e],37.4778,-1.65205,225 - Fm3m,cF8,"[API, Out, JSON ]"
Ca1Tl1 [e35047fade43799d],31.4889,-0.446581,221 - Pm3m,cP2,"[API, Out, JSON ]"
Ca1Tl3 [281507392358bbd6],38.1778,-0.238897,221 - Pm3m,cP4,"[API, Out, JSON ]"
Ca2Cl4 [8dfd0bb804eca9a6],32.3886,-2.41742,136 - P42/mnm,tP6,"[API, Out, JSON ]"
Ca2Ge4 [7617c14e76934d97],50.7354,-0.485769,186 - P63mc,hP6,"[API, Out, JSON ]"
Ca2Hg6 [a74b412faa7fdc81],36.4153,-0.391322,194 - P63/mmc,hP8,"[API, Out, JSON ]"
Ca2O2 [183e65e769b16a0a],85.7291,-3.1205,194 - P63/mmc,hP4,"[API, Out, JSON ]"
Ca2O6Si2 [cc315d932b359d19],214.883,-3.05787,127 - P4/mbm,tP10,"[API, Out, JSON ]"
Ca2O8Tl4 [93c414995740eb69],109.553,-1.58998,63 - Cmcm,oS28,"[API, Out, JSON ]"
Ca2Si1 [d42847d039d9c6d9],37.0111,-0.449371,225 - Fm3m,cF12,"[API, Out, JSON ]"
Ca2Si2 [92aeebce897e852d],53.8682,-0.540484,63 - Cmcm,oS8,"[API, Out, JSON ]"
Ca2Si4 [24502608294dc6bc],61.4176,-0.365609,141 - I41/amd,tI12,"[API, Out, JSON ]"
Ca3Cl3P1 [95667da7a1a06f6e],40.15,-2.03849,221 - Pm3m,cP7,"[API, Out, JSON ]"
Ca3Ge1O1 [717c612f7c2e23cd],58.5667,-1.65741,221 - Pm3m,cP5,"[API, Out, JSON ]"
Ca3Hg1 [d2bed74bc81630a5],23.8056,-0.193162,221 - Pm3m,cP4,"[API, Out, JSON ]"
Ca3O1Pb1 [b1acaa12b27a4ec1],51.2722,-1.65012,221 - Pm3m,cP5,"[API, Out, JSON ]"
Ca3Tl1 [50ba0e96d5272603],21.7444,-0.176904,225 - Fm3m,cF16,"[API, Out, JSON ]"
Ca4Cl8 [5ed02d9a45e81078],28.1042,-2.41686,60 - Pbcn,oP12,"[API, Out, JSON ]"
Ca4Ge4Mg4 [0ea2f481c2cf44d7],47.8437,-0.576814,62 - Pnma,oP12,"[API, Out, JSON ]"
Ca4Ge8Li4 [d730f802335716fc],43.4609,-0.516724,62 - Pnma,oP16,"[API, Out, JSON ]"
Ca4Li4Si8 [4105a79a30e78b58],48.8646,-0.410247,62 - Pnma,oP16,"[API, Out, JSON ]"
Ca4Mg4Si4 [d4a66226ac320e53],51.6156,-0.442341,62 - Pnma,oP12,"[API, Out, JSON ]"
Ca4Mg8 [bb7396f83a018dbb],30.3314,-0.123928,194 - P63/mmc,hP12,"[API, Out, JSON ]"
Ca4Mg8 [29a39cef1d9c1d1e],30.4974,-0.123897,194 - P63/mmc,hP12,"[API, Out, JSON ]"
Ca4O12Si4 [3fe9b288117abbf6],213.837,-3.05769,204 - Im3,cI40,"[API, Out, JSON ]"
Ca4O12Si4 [aba814a45970107d],213.851,-3.06044,62 - Pnma,oP20,"[API, Out, JSON ]"
Ca4O12Zr4 [4aa30a659beb47a0],150.068,-3.52566,62 - Pnma,oP20,"[API, Out, JSON ]"
Ca4O8Pb2 [829aca069b80de01],105.002,-2.41333,55 - Pbam,oP14,"[API, Out, JSON ]"
Ca4Pb4Sr4 [b5b4139aae6f9965],27.0474,-0.591804,62 - Pnma,oP12,"[API, Out, JSON ]"
Ca4Sb2 [ea9944c476b6a616],35.2138,-0.965481,139 - I4/mmm,tI12,"[API, Out, JSON ]"
Ca4Si12 [3895c112ae3a70bc],60.2061,-0.181551,139 - I4/mmm,tI32,"[API, Out, JSON ]"
Ca5P8 [cff1d3ae6b3f4da2],52.1905,-0.959241,12 - C2/m,mS26,"[API, Out, JSON ]"
Ca6Hg4 [89fa2dba45153d8c],31.2401,-0.473127,127 - P4/mbm,tP10,"[API, Out, JSON ]"
Ca6P6 [a2f519ee71e8f203],53.093,-1.13575,189 - P62m,hP12,"[API, Out, JSON ]"
Ca7Ge1 [4f2cacf7ff9a274e],19.35,-0.0105776,225 - Fm3m,cF32,"[API, Out, JSON ]"
Ca8Cl12O2 [305466170501fcd5],38.6551,-2.55894,186 - P63mc,hP22,"[API, Out, JSON ]"
Ca8Ge4 [44a95a3b698dde9c],36.3147,-0.619773,62 - Pnma,oP12,"[API, Out, JSON ]"
Ca8Pb4 [6dac966aaf0e3e8d],26.9385,-0.559158,62 - Pnma,oP12,"[API, Out, JSON ]"
Ca8Si4 [9785105a70a544e7],36.4155,-0.462743,62 - Pnma,oP12,"[API, Out, JSON ]"
Cl16Hg12O4 [0380bb5b899328b4],12.0611,-0.598511,198 - P213,cP32,"[API, Out, JSON ]"
Cl16Hg12O4 [60d3c7e3a655a006],13.1426,-0.598415,198 - P213,cP32,"[API, Out, JSON ]"
Cl16Hg12O4 [ee0d6c769a483b53],12.9538,-0.598607,198 - P213,cP32,"[API, Out, JSON ]"
Cl1K1 [28e41ffe3fada8e0],16.6639,-1.97549,225 - Fm3m,cF8,"[API, Out, JSON ]"
Cl1K1 [d5d8c218ad74d303],20.1444,-1.89571,221 - Pm3m,cP2,"[API, Out, JSON ]"
Cl1K1O4 [2db8da6c4b58612b],14.7,-0.887829,216 - F43m,cF24,"[API, Out, JSON ]"
Cl1Li1 [3d5c7e27f5a6cca6],32.0444,-1.82796,225 - Fm3m,cF8,"[API, Out, JSON ]"
Cl1Na1 [d0c93a9396dc599e],24.8944,-1.82527,225 - Fm3m,cF8,"[API, Out, JSON ]"
Cl1Na3O1 [d896b93f18da7085],34.6167,-1.55362,221 - Pm3m,cP5,"[API, Out, JSON ]"
Cl1O4Rb1 [8b5e77c3f863f92b],13.3722,-0.910407,216 - F43m,cF24,"[API, Out, JSON ]"
Cl1O4Tl1 [986d832938067b89],13.6278,-0.539583,216 - F43m,cF24,"[API, Out, JSON ]"
Cl1Rb1 [136ebce60ff4446b],14.3167,-1.96557,225 - Fm3m,cF8,"[API, Out, JSON ]"
Cl1Rb1 [5f88595ec1d952d0],16.6,-1.9036,221 - Pm3m,cP2,"[API, Out, JSON ]"
Cl1Tl1 [45bf324a62447cfb],18.4389,-1.03305,225 - Fm3m,cF8,"[API, Out, JSON ]"
Cl1Tl1 [4d76834a1fbcef1f],22.2778,-0.986217,221 - Pm3m,cP2,"[API, Out, JSON ]"
Cl2Hg2 [7854022399e235d4],12.9243,-0.558632,139 - I4/mmm,tI8,"[API, Out, JSON ]"
Cl2Mg1 [1966db47ed65d8c6],9.2777,-1.79528,115 - P4m2,tP3,"[API, Out, JSON ]"
Cl2O2Y2 [b47b7d37bc74f925],74.9141,-3.20154,129 - P4/nmm,tP6,"[API, Out, JSON ]"
Cl2Sr1 [bea65ca25419a241],33.6611,-2.50824,225 - Fm3m,cF12,"[API, Out, JSON ]"
Cl4K2Mg1 [88d04db0ca52280a],21.8829,-1.93591,139 - I4/mmm,tI14,"[API, Out, JSON ]"
Cl4Mg2 [be2eab8817d5e84f],36.0385,-1.68322,40 - Ama2,oS12,"[API, Out, JSON ]"
Cl4Na4O12 [a5b293c638b5e670],25.7593,-0.944848,198 - P213,cP20,"[API, Out, JSON ]"
Cl4Na4O12 [8ff7034f6bd9ca4c],23.7184,-0.945163,198 - P213,cP20,"[API, Out, JSON ]"
Cl6Pb1Rb2 [cd74964c563586e0],9.95556,-1.32345,225 - Fm3m,cF36,"[API, Out, JSON ]"
Cl6Rb2Se1 [ab1349bc362a4777],10.1889,-1.15123,225 - Fm3m,cF36,"[API, Out, JSON ]"
Cl6Rb2Te1 [2acdf816a1ae5c33],9,-1.29799,225 - Fm3m,cF36,"[API, Out, JSON ]"
Cl6Rb2Zr1 [ed428a902e5d41de],9.22778,-1.97331,225 - Fm3m,cF36,"[API, Out, JSON ]"
Cl6Te1Tl2 [2a65e95859e6391e],12.6167,-0.836362,225 - Fm3m,cF36,"[API, Out, JSON ]"
Cl8Mg2Na4 [81ee2ef7b606c650],26.0297,-1.84142,55 - Pbam,oP14,"[API, Out, JSON ]"
Ge1Hg1Li2 [4407929608d945ae],43.1556,-0.276846,225 - Fm3m,cF16,"[API, Out, JSON ]"
Ge1Mg2 [c3369be780358d85],50.6722,-0.307935,225 - Fm3m,cF12,"[API, Out, JSON ]"
Ge1O3Pb1 [4d366e7f1db50794],157.483,-1.55593,221 - Pm3m,cP5,"[API, Out, JSON ]"
Ge1O8Zr3 [ffc164090dfb5472],197.862,-3.21713,121 - I42m,tI24,"[API, Out, JSON ]"
Ge1P1 [a568f1b0e4ca73fe],76.484,0.018297,107 - I4mm,tI4,"[API, Out, JSON ]"
Ge1Se1 [736d8e730dd9c794],62.1889,-0.217643,225 - Fm3m,cF8,"[API, Out, JSON ]"
Ge1Te1 [31d2c50b7eb85972],49.0222,-0.0769185,225 - Fm3m,cF8,"[API, Out, JSON ]"
Ge2 [4d8d11cb2d8457a7],61.4778,0.000506,227 - Fd3m,cF8,"[API, Out, JSON ]"
Ge2 [253b629a6a736677],71.6949,0.230692,141 - I41/amd,tI4,"[API, Out, JSON ]"
Ge2Ho2 [9fd68ea503ecff44],82.6787,-0.870075,63 - Cmcm,oS8,"[API, Out, JSON ]"
Ge2Li4O6 [f098f75fcd178563],69.7235,-2.1856,36 - Cmc21,oS24,"[API, Out, JSON ]"
Ge2Mg2O6 [1962ff1173e55191],161.802,-2.24633,63 - Cmcm,oS20,"[API, Out, JSON ]"
Ge2Mg4 [a22f82b2c1f85244],41.2556,0.185752,227 - Fd3m,cF24,"[API, Out, JSON ]"
Ge2Mg4O8 [bfa78171be19e02f],158.111,-2.58001,227 - Fd3m,cF56,"[API, Out, JSON ]"
Ge2Y2 [ebfb7133a161759b],78.3259,-0.898435,63 - Cmcm,oS8,"[API, Out, JSON ]"
Ge3Li3Y3 [f91247b7cb6550a5],60.5342,-0.738993,189 - P62m,hP9,"[API, Out, JSON ]"
Ge3O9Sr3 [1bcd81bf7bd067f5],57.6448,-2.46609,189 - P62m,hP15,"[API, Out, JSON ]"
Ge4 [b962425ef6071451],62.3675,0.0186212,194 - P63/mmc,hP4,"[API, Out, JSON ]"
Ge4Hf2 [6405f75405bd1e6d],121.109,-0.474648,63 - Cmcm,oS12,"[API, Out, JSON ]"
Ge4Hf6 [3e2391ad165f4246],134.783,-0.698528,127 - P4/mbm,tP10,"[API, Out, JSON ]"
Ge4Ho4Mg2 [d5fbf49b996f3f8e],78.3658,-0.774356,127 - P4/mbm,tP10,"[API, Out, JSON ]"
Ge4Mg2Y4 [4ca4848aaafe4dbb],72.8812,-0.796827,127 - P4/mbm,tP10,"[API, Out, JSON ]"
Ge4O24Se8 [8c903411c184b735],51.6339,-1.31817,205 - Pa3,cP36,"[API, Out, JSON ]"
Ge4O8 [e22f5d71c7644345],231.547,-1.6718,205 - Pa3,cP12,"[API, Out, JSON ]"
Ge4O8 [b3fee2a933904fcf],218.279,-1.85275,60 - Pbcn,oP12,"[API, Out, JSON ]"
Ge4Zr4 [de91f60bf7c435c4],122.347,-0.806581,62 - Pnma,oP8,"[API, Out, JSON ]"
Ge6Y10 [b55b129750b661fc],70.829,-0.837017,193 - P63/mcm,hP16,"[API, Out, JSON ]"
Ge8 [0c8ccf8069907fe2],58.9656,0.140959,206 - Ia3,cI16,"[API, Out, JSON ]"
Ge8 [01a1f3fb30a91645],61.5626,0.009054,194 - P63/mmc,hP8,"[API, Out, JSON ]"
Ge8Y6 [273c909f7818c460],77.5883,-0.8091,63 - Cmcm,oS28,"[API, Out, JSON ]"
Hf10Si6 [c727db055b8c7d56],141.178,-0.745139,193 - P63/mcm,hP16,"[API, Out, JSON ]"
Hf12P8 [7c1e09b806c06601],156.682,-1.19085,62 - Pnma,oP20,"[API, Out, JSON ]"
Hf1O2 [fa3bd3969b846c2b],252.028,-3.76925,225 - Fm3m,cF12,"[API, Out, JSON ]"
Hf1O3Pb1 [639f105c2bbf7f29],164.794,-2.81458,221 - Pm3m,cP5,"[API, Out, JSON ]"
Hf1O3Sr1 [904000e7545dbe41],162.856,-3.63519,221 - Pm3m,cP5,"[API, Out, JSON ]"
Hf2 [8a4aa93da3d0b620],109.909,-0.000597,194 - P63/mmc,hP2,"[API, Out, JSON ]"
Hf2Hg1 [f85891c2a99e5be2],113.932,-0.120832,139 - I4/mmm,tI6,"[API, Out, JSON ]"
Hf2O6Sr2 [916c338a6af163c5],153.68,-3.66201,140 - I4/mcm,tI20,"[API, Out, JSON ]"
Hf2O6Sr2 [9384ad572ebdb46b],153.918,-3.6554,127 - P4/mbm,tP10,"[API, Out, JSON ]"
Hf2O8Si2 [88c9119ec9572f57],217.407,-3.49297,141 - I41/amd,tI24,"[API, Out, JSON ]"
Hf2Si4 [0403be53d36aa9ba],130.464,-0.56746,63 - Cmcm,oS12,"[API, Out, JSON ]"
Hf3 [816b586b7b4c0b59],109.227,0.043792,191 - P6/mmm,hP3,"[API, Out, JSON ]"
Hf4Ho4O14 [2abe19acdd8fcd02],171.933,-3.85967,227 - Fd3m,cF88,"[API, Out, JSON ]"
Hf4O12Sr4 [ab9b8e12b5f5854b],158.518,-3.66378,63 - Cmcm,oS40,"[API, Out, JSON ]"
Hf4O12Sr4 [3caf75d9979b3ab3],153.528,-3.66822,62 - Pnma,oP20,"[API, Out, JSON ]"
Hf4O14Y4 [868f500a39cc59bb],169.083,-3.84286,227 - Fd3m,cF88,"[API, Out, JSON ]"
Hf4O8 [f199dc9d57adb100],225.968,-3.71876,62 - Pnma,oP12,"[API, Out, JSON ]"
Hf4P2Sb2 [a3014ad7fdc77f18],123.36,-1.06763,194 - P63/mmc,hP8,"[API, Out, JSON ]"
Hf4P4 [044ad6823da5aa39],144.941,-1.344,194 - P63/mmc,hP8,"[API, Out, JSON ]"
Hf6Sb6 [a8e3352f2d4aba9f],100.852,-0.660506,63 - Cmcm,oS24,"[API, Out, JSON ]"
Hf6Si4 [a9b419dddfacc178],143.632,-0.80142,127 - P4/mbm,tP10,"[API, Out, JSON ]"
Hg1Ho1 [28db322a7eae319f],70.2778,-0.486927,221 - Pm3m,cP2,"[API, Out, JSON ]"
Hg1Li1 [07f268d309e600b2],32.5667,-0.375153,221 - Pm3m,cP2,"[API, Out, JSON ]"
Hg1Mg1 [79a3ecfabd3d15de],46.5444,-0.219841,221 - Pm3m,cP2,"[API, Out, JSON ]"
Hg1O2Rb2 [62d74a601aac5fea],23.0911,-1.21258,139 - I4/mmm,tI10,"[API, Out, JSON ]"
Hg1Se1 [58b9ed291d3d9da5],43.7667,-0.213095,216 - F43m,cF8,"[API, Out, JSON ]"
Hg1Se1 [d63b3d98960b8a00],58.9222,-0.052771,225 - Fm3m,cF8,"[API, Out, JSON ]"
Hg1Sr1 [147609474cf3a8d3],29.1111,-0.536789,221 - Pm3m,cP2,"[API, Out, JSON ]"
Hg1Te1 [c2384ec3a6ca5619],35.2611,-0.16916,216 - F43m,cF8,"[API, Out, JSON ]"
Hg1Te1 [180a54bb2831d9c4],47.8611,-0.015983,225 - Fm3m,cF8,"[API, Out, JSON ]"
Hg1Y1 [1f7c5feab515be03],66.4778,-0.513052,221 - Pm3m,cP2,"[API, Out, JSON ]"
Hg2Ho1 [8e405789ecfe31f7],67.5175,-0.377635,191 - P6/mmm,hP3,"[API, Out, JSON ]"
Hg2K2Sb2 [377117f4c7159f05],21.1094,-0.448949,194 - P63/mmc,hP6,"[API, Out, JSON ]"
Hg2Mg1 [765c3aff754dfd99],43.1007,-0.123918,139 - I4/mmm,tI6,"[API, Out, JSON ]"
Hg2Pb2Sr2 [a9b549be5fa78145],34.088,-0.48129,186 - P63mc,hP6,"[API, Out, JSON ]"
Hg2Y1 [72a284b911cfd4a1],65.9158,-0.405537,191 - P6/mmm,hP3,"[API, Out, JSON ]"
Hg2Zr6 [afe8109d60c03bd9],107.094,-0.177071,223 - Pm3n,cP8,"[API, Out, JSON ]"
Hg33K3 [ac7610d35123f5c5],14.6389,-0.101839,221 - Pm3m,cP36,"[API, Out, JSON ]"
Hg33Rb3 [3a84e674e05ac4e6],14.3333,-0.11257,221 - Pm3m,cP36,"[API, Out, JSON ]"
Hg3Zr1 [a68e4529694aa07f],83.0389,-0.06221,221 - Pm3m,cP4,"[API, Out, JSON ]"
Hg4K2 [50b2883feb14cd6e],13.1689,-0.276642,74 - Imma,oI12,"[API, Out, JSON ]"
Hg4Mg8 [32c4782e84353cbc],47.8227,-0.205183,62 - Pnma,oP12,"[API, Out, JSON ]"
Hg4O14Sb4 [bc370dbba9251e37],149.528,-1.35526,227 - Fd3m,cF88,"[API, Out, JSON ]"
Hg4Sr12 [b194a22dbd1e7b74],15.9327,-0.284018,62 - Pnma,oP16,"[API, Out, JSON ]"
Hg4Sr6 [b6cf0b50f4b3e8e7],23.8286,-0.448316,127 - P4/mbm,tP10,"[API, Out, JSON ]"
Hg6Mg10 [c70e54cbc7c388ab],44.508,-0.210118,193 - P63/mcm,hP16,"[API, Out, JSON ]"
Hg6Y2 [9d32b4eb523876c1],62.7056,-0.360074,194 - P63/mmc,hP8,"[API, Out, JSON ]"
Hg6Y2 [df470b37da361912],61.9957,-0.360071,194 - P63/mmc,hP8,"[API, Out, JSON ]"
Ho10Sb6 [8f9439cac1e1bff6],68.4001,-0.997908,193 - P63/mcm,hP16,"[API, Out, JSON ]"
Ho16O24 [cca0470a5e85e41d],144.876,-3.89256,206 - Ia3,cI80,"[API, Out, JSON ]"
Ho16O24 [0dbf333d56d49923],145.194,-3.89258,206 - Ia3,cI80,"[API, Out, JSON ]"
Ho1Mg1 [726d2384643098a1],41.5833,-0.0757165,221 - Pm3m,cP2,"[API, Out, JSON ]"
Ho1P1 [f19bc59154a5f3fc],87.6556,-1.66168,225 - Fm3m,cF8,"[API, Out, JSON ]"
Ho1Sb1 [b841f96236469afc],61.3611,-1.23318,225 - Fm3m,cF8,"[API, Out, JSON ]"
Ho1Se1 [39e2230d9b5ece5a],82.6611,-1.72517,225 - Fm3m,cF8,"[API, Out, JSON ]"
Ho1Te1 [17798e37f2678015],65.1611,-1.24721,225 - Fm3m,cF8,"[API, Out, JSON ]"
Ho1Tl1 [cdda0a8539ee985a],56.6444,-0.328547,221 - Pm3m,cP2,"[API, Out, JSON ]"
Ho1Tl3 [750354dbab6bfb90],49.15,-0.200976,221 - Pm3m,cP4,"[API, Out, JSON ]"
Ho2 [cfd5feaf28197208],42.971,-0.0001785,194 - P63/mmc,hP2,"[API, Out, JSON ]"
Ho2Si2 [1a66bdfe863db82b],92.5681,-0.83209,63 - Cmcm,oS8,"[API, Out, JSON ]"
Ho2Te4 [d9b7a62ca2362fdc],58.9661,-1.12797,129 - P4/nmm,tP6,"[API, Out, JSON ]"
Ho4Mg2Se8 [c4bedc78c6d48e69],52.6556,-1.70427,227 - Fd3m,cF56,"[API, Out, JSON ]"
Ho4Mg8 [55b23f1a73a19a46],42.6621,-0.0688177,194 - P63/mmc,hP12,"[API, Out, JSON ]"
Ho4Mg8 [8400a768e7283e62],42.6587,-0.0686377,194 - P63/mmc,hP12,"[API, Out, JSON ]"
Ho4Si4 [68acb772839a33f1],93.1009,-0.834661,62 - Pnma,oP8,"[API, Out, JSON ]"
Ho6Tl10 [095a60fa8ca0cf2e],53.4482,-0.276228,63 - Cmcm,oS32,"[API, Out, JSON ]"
Ho8Sb6 [99635f09727a0cd0],68.4611,-1.07398,220 - I43d,cI28,"[API, Out, JSON ]"
K1 [c45fd3cfd9ab3800],3.73333,0.001321,225 - Fm3m,cF4,"[API, Out, JSON ]"
K1 [3942a1cdbcb67731],3.88333,0.001046,229 - Im3m,cI2,"[API, Out, JSON ]"
K10Te6 [5b8c6ef02fe2db2a],14.8008,-0.9716,87 - I4/m,tI32,"[API, Out, JSON ]"
K12Sb4Se12 [c385ec02c7fa912e],12.8143,-1.00587,198 - P213,cP28,"[API, Out, JSON ]"
K12Sb4Te12 [d6e8878db8c79997],10.2813,-0.823209,198 - P213,cP28,"[API, Out, JSON ]"
K1Na2Sb1 [5d6d0cc05e18b116],19.95,-0.496022,225 - Fm3m,cF16,"[API, Out, JSON ]"
K2Li2Se2 [3133a8e5480f33b0],24.1404,-1.22322,129 - P4/nmm,tP6,"[API, Out, JSON ]"
K2O1 [9e183a9afc990944],27.45,-1.17654,225 - Fm3m,cF12,"[API, Out, JSON ]"
K2Se1 [3746bf32a1781888],15.8944,-1.11106,225 - Fm3m,cF12,"[API, Out, JSON ]"
K2Te1 [5a624ba9e35af61b],13.0667,-1.03415,225 - Fm3m,cF12,"[API, Out, JSON ]"
K3Sb1 [75e5a9c0265c43da],13.1278,-0.447173,225 - Fm3m,cF16,"[API, Out, JSON ]"
K4Na4Te4 [8d27db05a832e079],17.8722,-1.0119,62 - Pnma,oP12,"[API, Out, JSON ]"
K4O12Sb4 [e8c1ce861654b7ed],114.311,-1.91111,227 - Fd3m,cF80,"[API, Out, JSON ]"
K4O6Pb4 [1a4f8263ad0adfcc],21.1407,-1.46789,199 - I213,cI28,"[API, Out, JSON ]"
K5Pb24 [58f4471901eff079],30.5778,-0.107909,217 - I43m,cI58,"[API, Out, JSON ]"
K5Sb4 [129f24d8bdf2c435],14.982,-0.544928,12 - C2/m,mS18,"[API, Out, JSON ]"
K6Se6 [232b73a5e7e105bc],15.2688,-0.9532,189 - P62m,hP12,"[API, Out, JSON ]"
K8Si46 [bdffe76682314509],72.7056,-0.0179896,223 - Pm3n,cP54,"[API, Out, JSON ]"
K8Te12 [cf40cb0bd363aec2],15.0293,-0.72329,62 - Pnma,oP20,"[API, Out, JSON ]"
Li1Mg1P1 [96211fe3f6ead857],55.7611,-0.443724,216 - F43m,cF12,"[API, Out, JSON ]"
Li1Mg4Si2 [4842dd1381fd6937],48.4327,-0.095634,123 - P4/mmm,tP7,"[API, Out, JSON ]"
Li1Mg8Si4 [9dd7850f597773b5],52.5444,-0.127902,221 - Pm3m,cP13,"[API, Out, JSON ]"
Li1P1Sr1 [9e558bc257402650],41.9014,-0.929836,187 - P6m2,hP3,"[API, Out, JSON ]"
Li1Pb1 [a7b9a122dec417bf],34.0444,-0.276982,221 - Pm3m,cP2,"[API, Out, JSON ]"
Li1Tl1 [10844f99e3db9455],27.6556,-0.229295,221 - Pm3m,cP2,"[API, Out, JSON ]"
Li2 [5588568293d3f856],13.9884,0.000495,194 - P63/mmc,hP2,"[API, Out, JSON ]"
Li23Sr6 [9e7d5ff7423c0535],12.8167,-0.00158103,225 - Fm3m,cF116,"[API, Out, JSON ]"
Li2Mg1Pb1 [3649f800dc60563b],30.8333,-0.260075,225 - Fm3m,cF16,"[API, Out, JSON ]"
Li2Mg1Si1 [46b836dec2130b87],46.3222,-0.240837,216 - F43m,cF16,"[API, Out, JSON ]"
Li2Na1Sb1 [ffd8d4a125d06b15],29.8222,-0.637942,225 - Fm3m,cF16,"[API, Out, JSON ]"
Li2O1 [ebc85927767e092f],79.1389,-1.98237,225 - Fm3m,cF12,"[API, Out, JSON ]"
Li2P2Sr2 [d223febce8427b9d],44.3819,-1.00975,194 - P63/mmc,hP6,"[API, Out, JSON ]"
Li2Se1 [01a70da6b0c35513],33.8722,-1.26684,225 - Fm3m,cF12,"[API, Out, JSON ]"
Li2Si4Y4 [ea3c4bf66a460e54],68.2414,-0.664234,127 - P4/mbm,tP10,"[API, Out, JSON ]"
Li2Te1 [f237511d90939265],26.2556,-1.04041,225 - Fm3m,cF12,"[API, Out, JSON ]"
Li30Si8 [06dbe0fb8710b322],29.6569,-0.235592,220 - I43d,cI76,"[API, Out, JSON ]"
Li3Pb1 [493c1071c3127969],26.1722,-0.326266,225 - Fm3m,cF16,"[API, Out, JSON ]"
Li3Sb1 [03df7938ea1e3872],32.8667,-0.694825,225 - Fm3m,cF16,"[API, Out, JSON ]"
Li3Si3Y3 [c26493e7a28c7532],62.7917,-0.61622,189 - P62m,hP9,"[API, Out, JSON ]"
Li40Pb12 [082258cc457161b7],21.5111,-0.226039,215 - P43m,cP52,"[API, Out, JSON ]"
Li4Na4Te4 [a9111dde9eb7a8be],25.4256,-1.00077,62 - Pnma,oP12,"[API, Out, JSON ]"
Li4O10Si4 [dc8cef405f5df2c3],77.5072,-2.87966,37 - Ccc2,oS36,"[API, Out, JSON ]"
Li4O10Si4 [7f9d210e464274d6],76.8768,-2.88083,37 - Ccc2,oS36,"[API, Out, JSON ]"
Li4O12Sb4 [a26bbf21ddeb7256],105.324,-2.0186,52 - Pnna,oP20,"[API, Out, JSON ]"
Li4Sb4Sr4 [5af42c7746ab7767],33.7159,-1.03837,62 - Pnma,oP12,"[API, Out, JSON ]"
Li6P2 [53c0f8e8582ef973],39.7906,-0.72055,194 - P63/mmc,hP8,"[API, Out, JSON ]"
Li84Si20 [15cc5b1e464811f1],31.0833,-0.2249,216 - F43m,cF416,"[API, Out, JSON ]"
Li8Mg4Si4 [2312999aeb86a11b],45.5556,-0.249646,215 - P43m,cP16,"[API, Out, JSON ]"
Li8O8Pb2 [49df2492bd59b040],66.2776,-1.81176,63 - Cmcm,oS36,"[API, Out, JSON ]"
Mg1 [fb28fd89869eb44d],46.1667,0.082466,229 - Im3m,cI2,"[API, Out, JSON ]"
Mg1O1 [23344abad821b348],152.389,-2.93458,225 - Fm3m,cF8,"[API, Out, JSON ]"
Mg1Se1 [be089f53605f184f],44.9722,-1.25741,216 - F43m,cF8,"[API, Out, JSON ]"
Mg1Se1 [7625072d0374ea4b],61.7167,-1.24363,225 - Fm3m,cF8,"[API, Out, JSON ]"
Mg1Sr1 [6f4dc5d5578106a5],20.2667,-0.0579245,221 - Pm3m,cP2,"[API, Out, JSON ]"
Mg1Te1 [2b705b860e8d18c0],34.0333,-0.878853,216 - F43m,cF8,"[API, Out, JSON ]"
Mg1Te1 [634010f2eadb562d],46.4833,-0.814985,225 - Fm3m,cF8,"[API, Out, JSON ]"
Mg1Tl1 [f6fa0908a0c1314a],35.3944,-0.0343335,221 - Pm3m,cP2,"[API, Out, JSON ]"
Mg1Y1 [582d36d531b92b8c],41.4889,-0.108911,221 - Pm3m,cP2,"[API, Out, JSON ]"
Mg24P16 [f5bac4598707735a],57.55,-0.705867,206 - Ia3,cI80,"[API, Out, JSON ]"
Mg24Sb16 [e48de1a24c1a2400],38.059,-0.46991,206 - Ia3,cI80,"[API, Out, JSON ]"
Mg2O12Sb4 [e69027ae6de22ce9],163.611,-2.11651,136 - P42/mnm,tP18,"[API, Out, JSON ]"
Mg2O2 [5af53ce262d3c5cc],124.948,-2.89722,194 - P63/mmc,hP4,"[API, Out, JSON ]"
Mg2O2 [0bd59707063477ec],112.378,-2.86162,186 - P63mc,hP4,"[API, Out, JSON ]"
Mg2O6Si2 [e93b29409f63fff3],199.665,-2.82983,63 - Cmcm,oS20,"[API, Out, JSON ]"
Mg2Pb1 [1099c86fed89ce26],35.1833,-0.0631057,225 - Fm3m,cF12,"[API, Out, JSON ]"
Mg2Se2 [6a4f443cf74c4d29],45.4159,-1.26191,186 - P63mc,hP4,"[API, Out, JSON ]"
Mg2Se8Y4 [3a3a58a5748e494d],51.8944,-1.71162,227 - Fd3m,cF56,"[API, Out, JSON ]"
Mg2Si1 [5b5f6e28c8f6fcae],55.4778,-0.182327,225 - Fm3m,cF12,"[API, Out, JSON ]"
Mg2Te2 [66546a108e411f5b],34.2454,-0.879139,186 - P63mc,hP4,"[API, Out, JSON ]"
Mg2Te2 [f671deec8391edf1],46.6749,-0.83154,194 - P63/mmc,hP4,"[API, Out, JSON ]"
Mg3Tl3Y3 [ef38f4ae340f3eab],54.296,-0.352927,189 - P62m,hP9,"[API, Out, JSON ]"
Mg4O12Se4 [5c15618551d7a263],79.5289,-1.88355,62 - Pnma,oP20,"[API, Out, JSON ]"
Mg4O12Si4 [fe60676520725e77],229.067,-2.87433,62 - Pnma,oP20,"[API, Out, JSON ]"
Mg4O8 [6c69c254c7f8cd4b],127.996,-1.99878,205 - Pa3,cP12,"[API, Out, JSON ]"
Mg4O8Si2 [5919341cd70d27f4],174.122,-3.01225,227 - Fd3m,cF56,"[API, Out, JSON ]"
Mg4O8Si2 [45ac1f4e78abcb1a],113.087,-3.02129,164 - P3m1,hP14,"[API, Out, JSON ]"
Mg4Se8 [0646390e435418ab],50.2973,-0.835332,205 - Pa3,cP12,"[API, Out, JSON ]"
Mg4Si2 [e1275c41d8108b17],43.3333,0.408141,227 - Fd3m,cF24,"[API, Out, JSON ]"
Mg4Si2 [a607f27fa6c48822],55.7237,-0.00774267,194 - P63/mmc,hP6,"[API, Out, JSON ]"
Mg4Si4Sr4 [f042ff3e31d7288b],43.3882,-0.398116,62 - Pnma,oP12,"[API, Out, JSON ]"
Mg4Te8 [4564d244919c96c2],37.9511,-0.57949,205 - Pa3,cP12,"[API, Out, JSON ]"
Mg6O6 [a23abd0165680631],93.4556,-2.79874,223 - Pm3n,cP12,"[API, Out, JSON ]"
Mg6P4 [e6d01b791d361e77],57.4444,-0.518463,224 - Pn3m,cP10,"[API, Out, JSON ]"
Mg8O8 [6599d22a3b426897],111.955,-2.85937,72 - Ibam,oI32,"[API, Out, JSON ]"
Mg8Sr4 [cc3163414e93c3fa],25.5269,-0.10648,194 - P63/mmc,hP12,"[API, Out, JSON ]"
Na1 [c3ff1f234732327a],9.25,0.002453,229 - Im3m,cI2,"[API, Out, JSON ]"
Na12Sb4Se12 [30b515df88e0033e],19.1464,-0.875628,198 - P213,cP28,"[API, Out, JSON ]"
Na12Sb4Te12 [d9b6cf00722ac4b8],14.5051,-0.674576,198 - P213,cP28,"[API, Out, JSON ]"
Na2 [cea75a0f94945ef0],9.12427,0.0024655,194 - P63/mmc,hP2,"[API, Out, JSON ]"
Na2O1 [74c981a95255f67e],47.15,-1.36588,225 - Fm3m,cF12,"[API, Out, JSON ]"
Na2O4 [2d7e4e8b51a2f707],32.473,-1.09879,58 - Pnnm,oP6,"[API, Out, JSON ]"
Na2Se1 [5477ab0c5a3ac253],25.5444,-1.07388,225 - Fm3m,cF12,"[API, Out, JSON ]"
Na2Te1 [90eddf11eef225fb],20.2667,-0.937328,225 - Fm3m,cF12,"[API, Out, JSON ]"
Na3P3Sr3 [5f913b905a1c9b04],38.6656,-0.831857,189 - P62m,hP9,"[API, Out, JSON ]"
Na3Sb1Se4 [42a77aaae3125103],19.4944,-0.761478,217 - I43m,cI16,"[API, Out, JSON ]"
Na4O12Sb4 [89615efc0a0dfb77],112.872,-1.91188,227 - Fd3m,cF80,"[API, Out, JSON ]"
Na4O12Sb4 [281cba5a24b471e7],128.284,-1.87435,62 - Pnma,oP20,"[API, Out, JSON ]"
Na6O5Pb1 [43ec207d8008a59f],60.7226,-1.47855,107 - I4mm,tI24,"[API, Out, JSON ]"
Na6P2 [ef00d5055a972435],26.701,-0.362994,194 - P63/mmc,hP8,"[API, Out, JSON ]"
Na6Sb2 [917b743bc2ffbebf],20.6313,-0.498733,194 - P63/mmc,hP8,"[API, Out, JSON ]"
Na8Si46 [71d613f278694be9],75.6778,0.000883167,223 - Pm3n,cP54,"[API, Out, JSON ]"
O12Pb4Sr4 [c09a3d9047303b44],105.298,-2.01133,62 - Pnma,oP20,"[API, Out, JSON ]"
O12Sb8 [2f95594a0e4b2868],11.5056,-1.6897,227 - Fd3m,cF80,"[API, Out, JSON ]"
O12Sb8 [b4d0bb1d8131888b],12.1056,-1.68973,227 - Fd3m,cF80,"[API, Out, JSON ]"
O12Se4Sr4 [18f40e64a0a7b1c3],47.9517,-2.16906,62 - Pnma,oP20,"[API, Out, JSON ]"
O12Si6 [5ff559d0c1cac4cd],83.1163,-3.07777,194 - P63/mmc,hP18,"[API, Out, JSON ]"
O14Pb4Sb4 [6f7b1c9a0527f360],131.95,-1.62164,227 - Fd3m,cF88,"[API, Out, JSON ]"
O14Y4Zr4 [574859fb725b71ef],160.711,-3.6951,227 - Fd3m,cF88,"[API, Out, JSON ]"
O1Pb1Sr3 [b3ad9a78aad79889],40.85,-1.54897,221 - Pm3m,cP5,"[API, Out, JSON ]"
O1Rb2 [ed5547e7e4115236],22.7389,-1.06108,225 - Fm3m,cF12,"[API, Out, JSON ]"
O1Sr1 [e5529db498f2af80],84.7444,-2.95772,225 - Fm3m,cF8,"[API, Out, JSON ]"
O24Si12 [c349dabcb8dd9e42],59.3649,-2.88066,195 - P23,cP36,"[API, Out, JSON ]"
O24Tl16 [d53b439bbbbad9b9],107.336,-0.956675,206 - Ia3,cI80,"[API, Out, JSON ]"
O24Y16 [a4c5261944e5f507],137.576,-3.82474,206 - Ia3,cI80,"[API, Out, JSON ]"
O24Y16 [d4d11970ae4cf3d4],137.853,-3.82475,206 - Ia3,cI80,"[API, Out, JSON ]"
O28P8Si4 [24975174dd11fbb9],136.245,-2.59601,205 - Pa3,cP40,"[API, Out, JSON ]"
O28P8Zr4 [5cb9a9df0e7ab68a],129.516,-2.95305,205 - Pa3,cP40,"[API, Out, JSON ]"
O2Pb1 [ae06258781b58bdb],133.589,-1.03192,225 - Fm3m,cF12,"[API, Out, JSON ]"
O2Pb2 [8e1df3004e6ef769],20.4054,-1.3502,129 - P4/nmm,tP4,"[API, Out, JSON ]"
O2Rb1 [b859d5fa2793bbf1],20.6437,-1.15751,139 - I4/mmm,tI6,"[API, Out, JSON ]"
O2Rb2 [aab32adb95974548],25.1382,-1.2238,71 - Immm,oI8,"[API, Out, JSON ]"
O2Sr1 [3a8b7ba885be1cf7],74.7971,-2.18264,139 - I4/mmm,tI6,"[API, Out, JSON ]"
O2Zr1 [50c9df791c600123],233.528,-3.5829,225 - Fm3m,cF12,"[API, Out, JSON ]"
O2Zr6 [5c347009c594310f],131.946,-1.48231,182 - P6322,hP8,"[API, Out, JSON ]"
O3Pb1Zr1 [d6855b652e1d45f7],155.322,-2.64911,221 - Pm3m,cP5,"[API, Out, JSON ]"
O3Sr1Zr1 [c4132aed04864439],151.761,-3.46253,221 - Pm3m,cP5,"[API, Out, JSON ]"
O4 [02f1cbf29c0e74f4],19.5204,-0.312469,194 - P63/mmc,hP4,"[API, Out, JSON ]"
O4Si2 [76baad772c7333df],145.917,-3.09175,227 - Fd3m,cF24,"[API, Out, JSON ]"
O4Si2 [4f902b3d58a95155],270.112,-2.90741,136 - P42/mnm,tP6,"[API, Out, JSON ]"
O4Te2 [33ab67cfa7668558],144.156,-1.10602,136 - P42/mnm,tP6,"[API, Out, JSON ]"
O6Sr2Zr2 [e761ff1ae278f803],143.686,-3.50508,140 - I4/mcm,tI20,"[API, Out, JSON ]"
O6Sr2Zr2 [8c4b81ad5f96cb5c],142.53,-3.50508,140 - I4/mcm,tI20,"[API, Out, JSON ]"
O8P2Y2 [a27222d0173e5065],133.413,-3.33577,141 - I41/amd,tI24,"[API, Out, JSON ]"
O8Pb2Sr4 [672a0932ff5a3a05],90.5778,-2.32945,55 - Pbam,oP14,"[API, Out, JSON ]"
O8Si2Zr2 [16bf6a36c052299d],204.872,-3.39618,141 - I41/amd,tI24,"[API, Out, JSON ]"
O8Si2Zr2 [9a7322a9c8589a25],221.019,-3.31653,88 - I41/a,tI24,"[API, Out, JSON ]"
O8Si4 [4cd8887372aa0edb],309.818,-2.53152,205 - Pa3,cP12,"[API, Out, JSON ]"
O8Si4 [8f9bf20dda6f77e7],66.388,-2.95418,98 - I4122,tI24,"[API, Out, JSON ]"
O8Si4 [ef608315232ac5d9],50.1406,-2.92702,24 - I212121,oI24,"[API, Out, JSON ]"
O8Si4 [e38965ef50bb8383],291.813,-2.84897,60 - Pbcn,oP12,"[API, Out, JSON ]"
O8Zr4 [ea71a50e2d165d75],194.096,-3.65194,14 - P21/c,mP12,"[API, Out, JSON ]"
O8Zr4 [5f3bb43836dab3b3],152.983,-3.62377,60 - Pbcn,oP12,"[API, Out, JSON ]"
O8Zr4 [70a7a83f10a766bc],217.102,-3.54881,62 - Pnma,oP12,"[API, Out, JSON ]"
P1 [57cecbf3dc26e974],104.172,0.052605,221 - Pm3m,cP1,"[API, Out, JSON ]"
P1Tl1 [d53b5190863cc376],46.5556,0.171547,216 - F43m,cF8,"[API, Out, JSON ]"
P1Y1 [916e0611d77b56f6],85.2611,-1.67164,225 - Fm3m,cF8,"[API, Out, JSON ]"
P1Zr1 [7068d67e97f2ca12],136.094,-1.37495,225 - Fm3m,cF8,"[API, Out, JSON ]"
P2Sb2Zr4 [cc641efaedc2dc1f],113.467,-1.21848,194 - P63/mmc,hP8,"[API, Out, JSON ]"
P4 [04b2492d8ca90912],113.206,0.0526125,221 - Pm3m,tP4,"[API, Out, JSON ]"
P4 [78fd653f68b2e2a8],114.011,0.070169,221 - Pm3m,tP2,"[API, Out, JSON ]"
P4Zr4 [cb432b9c96163d15],135,-1.4243,194 - P63/mmc,hP8,"[API, Out, JSON ]"
P6Sr6 [58fb9512679028ef],44.8799,-1.09236,189 - P62m,hP12,"[API, Out, JSON ]"
P8Si4 [e851bd6b6c7d5b51],110.159,-0.167482,205 - Pa3,cP12,"[API, Out, JSON ]"
Pb1Se1 [fc52354a1b50ff61],47.7222,-0.567835,225 - Fm3m,cF8,"[API, Out, JSON ]"
Pb1Se1 [37d22335d6f94c61],50.8611,-0.329028,221 - Pm3m,cP2,"[API, Out, JSON ]"
Pb1Te1 [dcdbde34e53a534d],39.4722,-0.408348,225 - Fm3m,cF8,"[API, Out, JSON ]"
Pb1Te1 [bb46abee42773b80],42.2889,-0.180913,221 - Pm3m,cP2,"[API, Out, JSON ]"
Pb2Te6Tl8 [77324d52cb5156a4],27.6557,-0.329323,140 - I4/mcm,tI32,"[API, Out, JSON ]"
Pb4Sr8 [037533a6eb09be9b],22.702,-0.548825,62 - Pnma,oP12,"[API, Out, JSON ]"
Pb4Y2 [3a49575b9b567100],53.3937,-0.393155,63 - Cmcm,oS12,"[API, Out, JSON ]"
Rb1 [a16df87dec15ee9c],3.15,0.0005,229 - Im3m,cI2,"[API, Out, JSON ]"
Rb12Sb4Se12 [af26684c8e0291fc],12.0881,-0.999733,198 - P213,cP28,"[API, Out, JSON ]"
Rb2Se1 [bc2372a6d49f86aa],13.8333,-1.06764,225 - Fm3m,cF12,"[API, Out, JSON ]"
Rb2Te1 [e7c5c7c5b4f9a113],11.4944,-1.01122,225 - Fm3m,cF12,"[API, Out, JSON ]"
Rb2Te4Y2 [e7d121efe2e99065],26.7965,-1.39963,194 - P63/mmc,hP8,"[API, Out, JSON ]"
Rb4Te2 [1dff4665ff68a2de],12.5158,-0.952899,194 - P63/mmc,hP6,"[API, Out, JSON ]"
Rb8Sb8 [8cf08ce1df285278],11.5673,-0.548019,19 - P212121,oP16,"[API, Out, JSON ]"
Sb1 [462bb5f411a8e076],59.7056,-0.183316,221 - Pm3m,cP1,"[API, Out, JSON ]"
Sb1Tl1 [035c219449edca3f],30.7389,0.0102785,216 - F43m,cF8,"[API, Out, JSON ]"
Sb1Y1 [c4c839a3ba80c695],58.9722,-1.28223,225 - Fm3m,cF8,"[API, Out, JSON ]"
Sb2Sr4 [97c214b186e991bf],27.4686,-0.940325,139 - I4/mmm,tI12,"[API, Out, JSON ]"
Sb2Y2Zr2 [f02b07cfc6734325],79.9434,-0.904541,139 - I4/mmm,tI12,"[API, Out, JSON ]"
Sb2Zr4 [df488c3596dd282a],106.871,-0.721646,139 - I4/mmm,tI12,"[API, Out, JSON ]"
Sb4Se12Tl12 [a38d3842bc09c46f],15.4473,-0.40056,198 - P213,cP28,"[API, Out, JSON ]"
Sb4Zr4 [de392fe5ed0db5b0],103.471,-0.834783,198 - P213,cP8,"[API, Out, JSON ]"
Sb6Si2Zr10 [79e7ba831b71aa30],115.117,-0.888099,193 - P63/mcm,hP18,"[API, Out, JSON ]"
Sb6Sr10 [5c6b84f5e53d12c2],30.1386,-1.09003,193 - P63/mcm,hP16,"[API, Out, JSON ]"
Sb6Tl21 [f7933008a130dc06],26.0444,-0.066535,229 - Im3m,cI54,"[API, Out, JSON ]"
Sb6Y8 [9d284b0e2cc08045],65.7944,-1.12788,220 - I43d,cI28,"[API, Out, JSON ]"
Sb6Zr6 [19a2db25529e85d4],93.3358,-0.826535,63 - Cmcm,oS24,"[API, Out, JSON ]"
Sb8Zr10 [9fd9c28e5fd4b28c],107.446,-0.784775,193 - P63/mcm,hP18,"[API, Out, JSON ]"
Se12Sr4Zr4 [f8bd7aedd6409450],43.3434,-1.60341,62 - Pnma,oP20,"[API, Out, JSON ]"
Se1Sr1 [8451928b649b9e7f],41.0111,-2.07122,225 - Fm3m,cF8,"[API, Out, JSON ]"
Se1Tl1 [5ebc0f014499d22b],36.9111,-0.080961,221 - Pm3m,cP2,"[API, Out, JSON ]"
Se1Y1 [6675449ac1e1c290],79.3722,-1.76627,225 - Fm3m,cF8,"[API, Out, JSON ]"
Se4Tl4 [1129ad921009085f],22.369,-0.279236,140 - I4/mcm,tI16,"[API, Out, JSON ]"
Se6 [7d6a2e6c742211e5],19.0167,0.533444,227 - Fd3m,cF24,"[API, Out, JSON ]"
Si106 [d28694a0827a1a1c],65.7248,0.178483,137 - P42/nmc,tP106,"[API, Out, JSON ]"
Si10Sr10 [dbb92a31d1be602f],41.2233,-0.420749,71 - Immm,oI40,"[API, Out, JSON ]"
Si12Sr2 [37dacff32cbe2223],74.5701,-0.0838014,63 - Cmcm,oS28,"[API, Out, JSON ]"
Si2 [1e52c555bf94367a],89.0944,-1.20E-05,227 - Fd3m,cF8,"[API, Out, JSON ]"
Si2 [51dc1417e5b587bc],107.803,0.291852,141 - I41/amd,tI4,"[API, Out, JSON ]"
Si2 [760658ac24d836f7],107.322,0.291876,141 - I41/amd,tI4,"[API, Out, JSON ]"
Si2Sr4 [b2c68f1ee957adf3],30.2447,-0.290439,194 - P63/mmc,hP6,"[API, Out, JSON ]"
Si2Y2 [149e01fa7fe56270],89.9409,-0.851728,63 - Cmcm,oS8,"[API, Out, JSON ]"
Si2Zr2 [27b31a054bfd7432],143.955,-0.935298,63 - Cmcm,oS8,"[API, Out, JSON ]"
Si2Zr4 [3cbb89aceb65d7eb],127.611,-0.781275,140 - I4/mcm,tI12,"[API, Out, JSON ]"
Si34 [336d342eccc91ed6],61.4778,0.339606,227 - Fd3m,cF136,"[API, Out, JSON ]"
Si4 [a853db3825c8a64a],89.0036,0.0111143,194 - P63/mmc,hP4,"[API, Out, JSON ]"
Si4 [98e7e07c7a209bf7],81.4088,0.100989,139 - I4/mmm,tI8,"[API, Out, JSON ]"
Si4 [20a474bdfc8057ac],89.0009,0.0111083,194 - P63/mmc,hP4,"[API, Out, JSON ]"
Si40 [b3f24a1c163b7e13],72.6769,0.0794809,191 - P6/mmm,hP40,"[API, Out, JSON ]"
Si41 [474bef052b06e59a],73.4222,0.109867,217 - I43m,cI82,"[API, Out, JSON ]"
Si46 [5c0a166d6f99ed4f],76.0333,0.0626397,223 - Pm3n,cP46,"[API, Out, JSON ]"
Si4Sr2 [a2ccb8c1cb177f1c],52.9924,-0.36594,141 - I41/amd,tI12,"[API, Out, JSON ]"
Si4Sr8 [f3dc42a35f56efd6],29.0757,-0.368373,62 - Pnma,oP12,"[API, Out, JSON ]"
Si4Y2 [4f01445c6697d0ed],84.781,-0.541425,141 - I41/amd,tI12,"[API, Out, JSON ]"
Si4Zr2 [0a2aea5c8588c44a],123.064,-0.653884,63 - Cmcm,oS12,"[API, Out, JSON ]"
Si4Zr4 [777ef5e197aab58b],142.004,-0.934173,62 - Pnma,oP8,"[API, Out, JSON ]"
Si6 [c16a53a9044497fa],67.5056,0.222214,229 - Im3m,cI12,"[API, Out, JSON ]"
Si6Sr10 [127659e53a1b38d8],32.6003,-0.395778,108 - I4cm,tI32,"[API, Out, JSON ]"
Si6Zr10 [5c363b4dd6e0208a],127.929,-0.819769,193 - P63/mcm,hP16,"[API, Out, JSON ]"
Si8 [3653e3e40329f003],84.684,0.15803,206 - Ia3,cI16,"[API, Out, JSON ]"
Si8 [f731cf9724e27115],81.0592,0.0691056,12 - C2/m,mS16,"[API, Out, JSON ]"
Si82 [8e1da8819de201f8],72.5401,0.128537,15 - C2/c,mS164,"[API, Out, JSON ]"
Si8Sr4 [821011ffeb0a548e],58.0722,-0.361911,212 - P4332,cP12,"[API, Out, JSON ]"
Sr1 [4f01f9799983fd51],11.1778,6.10E-05,225 - Fm3m,cF4,"[API, Out, JSON ]"
Sr1Te1 [cb1f9acfa0aecb58],31.9333,-1.7462,225 - Fm3m,cF8,"[API, Out, JSON ]"
Sr1Te1 [866a544848305c9a],36.0167,-1.50678,221 - Pm3m,cP2,"[API, Out, JSON ]"
Sr1Tl1 [fe4e8bc133dd6bd4],26.3667,-0.432435,221 - Pm3m,cP2,"[API, Out, JSON ]"
Sr2 [91f8e6a03809ef58],11.6072,0.002556,194 - P63/mmc,hP2,"[API, Out, JSON ]"
Sr2Tl4 [9b752e7c90f5d4d7],28.2712,-0.340373,194 - P63/mmc,hP6,"[API, Out, JSON ]"
Te1Y1 [5b984958dbe89502],60.5444,-1.31002,225 - Fm3m,cF8,"[API, Out, JSON ]"
Te1Zr1 [69a50dc8799998f2],95.1389,-0.901472,187 - P6m2,hP2,"[API, Out, JSON ]"
Te2 [a8c395dc70d63e16],49.0778,0.0426415,221 - Pm3m,cP1,"[API, Out, JSON ]"
Te2Zr2 [2569fc8b7fa52c87],89.0906,-0.626066,194 - P63/mmc,hP4,"[API, Out, JSON ]"
Te2Zr2 [a1f42ab2e5ed413b],94.5331,-0.845843,194 - P63/mmc,hP4,"[API, Out, JSON ]"
Te4Y2 [0a9eef79f2c13231],57.1402,-1.16338,129 - P4/nmm,tP6,"[API, Out, JSON ]"
Te4Zr4 [98d578e9d4fed7dd],91.4831,-0.874989,62 - Pnma,oP8,"[API, Out, JSON ]"
Tl1 [b097c396dc7bb87c],29.6552,0.019456,139 - I4/mmm,tI2,"[API, Out, JSON ]"
Tl1Y1 [7a534e0fe4e0e735],54.4722,-0.374189,221 - Pm3m,cP2,"[API, Out, JSON ]"
Tl3Y1 [c08b23695db01790],46.4056,-0.233924,221 - Pm3m,cP4,"[API, Out, JSON ]"
Y2 [5a12ca65b4afe176],41.5471,-0.0005895,194 - P63/mmc,hP2,"[API, Out, JSON ]"
Zr2 [05869eb713002f0e],94.658,-0.0001755,194 - P63/mmc,hP2,"[API, Out, JSON ]"
